日期,年度,季度,月份,日,年度季度,年度月份,星期几
2013/7/1,2013,Q3,7,1,2013Q3,201307,1
2013/7/2,2013,Q3,7,2,2013Q3,201307,2
2013/7/3,2013,Q3,7,3,2013Q3,201307,3
2013/7/4,2013,Q3,7,4,2013Q3,201307,4
2013/7/5,2013,Q3,7,5,2013Q3,201307,5
2013/7/6,2013,Q3,7,6,2013Q3,201307,6
2013/7/7,2013,Q3,7,7,2013Q3,201307,7
2013/7/8,2013,Q3,7,8,2013Q3,201307,1
2013/7/9,2013,Q3,7,9,2013Q3,201307,2
2013/7/10,2013,Q3,7,10,2013Q3,201307,3
2013/7/11,2013,Q3,7,11,2013Q3,201307,4
2013/7/12,2013,Q3,7,12,2013Q3,201307,5
2013/7/13,2013,Q3,7,13,2013Q3,201307,6
2013/7/14,2013,Q3,7,14,2013Q3,201307,7
2013/7/15,2013,Q3,7,15,2013Q3,201307,1
2013/7/16,2013,Q3,7,16,2013Q3,201307,2
2013/7/17,2013,Q3,7,17,2013Q3,201307,3
2013/7/18,2013,Q3,7,18,2013Q3,201307,4
2013/7/19,2013,Q3,7,19,2013Q3,201307,5
2013/7/20,2013,Q3,7,20,2013Q3,201307,6
2013/7/21,2013,Q3,7,21,2013Q3,201307,7
2013/7/22,2013,Q3,7,22,2013Q3,201307,1
2013/7/23,2013,Q3,7,23,2013Q3,201307,2
2013/7/24,2013,Q3,7,24,2013Q3,201307,3
2013/7/25,2013,Q3,7,25,2013Q3,201307,4
2013/7/26,2013,Q3,7,26,2013Q3,201307,5
2013/7/27,2013,Q3,7,27,2013Q3,201307,6
2013/7/28,2013,Q3,7,28,2013Q3,201307,7
2013/7/29,2013,Q3,7,29,2013Q3,201307,1
2013/7/30,2013,Q3,7,30,2013Q3,201307,2
2013/7/31,2013,Q3,7,31,2013Q3,201307,3
2014/7/1,2014,Q3,7,1,2014Q3,201407,2
2014/7/2,2014,Q3,7,2,2014Q3,201407,3
2014/7/3,2014,Q3,7,3,2014Q3,201407,4
2014/7/4,2014,Q3,7,4,2014Q3,201407,5
2014/7/5,2014,Q3,7,5,2014Q3,201407,6
2014/7/6,2014,Q3,7,6,2014Q3,201407,7
2014/7/7,2014,Q3,7,7,2014Q3,201407,1
2014/7/8,2014,Q3,7,8,2014Q3,201407,2
2014/7/9,2014,Q3,7,9,2014Q3,201407,3
2014/7/10,2014,Q3,7,10,2014Q3,201407,4
2014/7/11,2014,Q3,7,11,2014Q3,201407,5
2014/7/12,2014,Q3,7,12,2014Q3,201407,6
2014/7/13,2014,Q3,7,13,2014Q3,201407,7
2014/7/14,2014,Q3,7,14,2014Q3,201407,1
2014/7/15,2014,Q3,7,15,2014Q3,201407,2
2014/7/16,2014,Q3,7,16,2014Q3,201407,3
2014/7/17,2014,Q3,7,17,2014Q3,201407,4
2014/7/18,2014,Q3,7,18,2014Q3,201407,5
2014/7/19,2014,Q3,7,19,2014Q3,201407,6
2014/7/20,2014,Q3,7,20,2014Q3,201407,7
2014/7/21,2014,Q3,7,21,2014Q3,201407,1
2014/7/22,2014,Q3,7,22,2014Q3,201407,2
2014/7/23,2014,Q3,7,23,2014Q3,201407,3
2014/7/24,2014,Q3,7,24,2014Q3,201407,4
2014/7/25,2014,Q3,7,25,2014Q3,201407,5
2014/7/26,2014,Q3,7,26,2014Q3,201407,6
2014/7/27,2014,Q3,7,27,2014Q3,201407,7
2014/7/28,2014,Q3,7,28,2014Q3,201407,1
2014/7/29,2014,Q3,7,29,2014Q3,201407,2
2014/7/30,2014,Q3,7,30,2014Q3,201407,3
2014/7/31,2014,Q3,7,31,2014Q3,201407,4
2015/7/1,2015,Q3,7,1,2015Q3,201507,3
2015/7/2,2015,Q3,7,2,2015Q3,201507,4
2015/7/3,2015,Q3,7,3,2015Q3,201507,5
2015/7/4,2015,Q3,7,4,2015Q3,201507,6
2015/7/5,2015,Q3,7,5,2015Q3,201507,7
2015/7/6,2015,Q3,7,6,2015Q3,201507,1
2015/7/7,2015,Q3,7,7,2015Q3,201507,2
2015/7/8,2015,Q3,7,8,2015Q3,201507,3
2015/7/9,2015,Q3,7,9,2015Q3,201507,4
2015/7/10,2015,Q3,7,10,2015Q3,201507,5
2015/7/11,2015,Q3,7,11,2015Q3,201507,6
2015/7/12,2015,Q3,7,12,2015Q3,201507,7
2015/7/13,2015,Q3,7,13,2015Q3,201507,1
2015/7/14,2015,Q3,7,14,2015Q3,201507,2
2015/7/15,2015,Q3,7,15,2015Q3,201507,3
2015/7/16,2015,Q3,7,16,2015Q3,201507,4
2015/7/17,2015,Q3,7,17,2015Q3,201507,5
2015/7/18,2015,Q3,7,18,2015Q3,201507,6
2015/7/19,2015,Q3,7,19,2015Q3,201507,7
2015/7/20,2015,Q3,7,20,2015Q3,201507,1
2015/7/21,2015,Q3,7,21,2015Q3,201507,2
2015/7/22,2015,Q3,7,22,2015Q3,201507,3
2015/7/23,2015,Q3,7,23,2015Q3,201507,4
2015/7/24,2015,Q3,7,24,2015Q3,201507,5
2015/7/25,2015,Q3,7,25,2015Q3,201507,6
2015/7/26,2015,Q3,7,26,2015Q3,201507,7
2015/7/27,2015,Q3,7,27,2015Q3,201507,1
2015/7/28,2015,Q3,7,28,2015Q3,201507,2
2015/7/29,2015,Q3,7,29,2015Q3,201507,3
2015/7/30,2015,Q3,7,30,2015Q3,201507,4
2015/7/31,2015,Q3,7,31,2015Q3,201507,5
2016/7/1,2016,Q3,7,1,2016Q3,201607,5
2016/7/2,2016,Q3,7,2,2016Q3,201607,6
2016/7/3,2016,Q3,7,3,2016Q3,201607,7
2016/7/4,2016,Q3,7,4,2016Q3,201607,1
2016/7/5,2016,Q3,7,5,2016Q3,201607,2
2016/7/6,2016,Q3,7,6,2016Q3,201607,3
2016/7/7,2016,Q3,7,7,2016Q3,201607,4
2016/7/8,2016,Q3,7,8,2016Q3,201607,5
2016/7/9,2016,Q3,7,9,2016Q3,201607,6
2016/7/10,2016,Q3,7,10,2016Q3,201607,7
2016/7/11,2016,Q3,7,11,2016Q3,201607,1
2016/7/12,2016,Q3,7,12,2016Q3,201607,2
2016/7/13,2016,Q3,7,13,2016Q3,201607,3
2016/7/14,2016,Q3,7,14,2016Q3,201607,4
2016/7/15,2016,Q3,7,15,2016Q3,201607,5
2016/7/16,2016,Q3,7,16,2016Q3,201607,6
2016/7/17,2016,Q3,7,17,2016Q3,201607,7
2016/7/18,2016,Q3,7,18,2016Q3,201607,1
2016/7/19,2016,Q3,7,19,2016Q3,201607,2
2016/7/20,2016,Q3,7,20,2016Q3,201607,3
2016/7/21,2016,Q3,7,21,2016Q3,201607,4
2016/7/22,2016,Q3,7,22,2016Q3,201607,5
2016/7/23,2016,Q3,7,23,2016Q3,201607,6
2016/7/24,2016,Q3,7,24,2016Q3,201607,7
2016/7/25,2016,Q3,7,25,2016Q3,201607,1
2016/7/26,2016,Q3,7,26,2016Q3,201607,2
2016/7/27,2016,Q3,7,27,2016Q3,201607,3
2016/7/28,2016,Q3,7,28,2016Q3,201607,4
2016/7/29,2016,Q3,7,29,2016Q3,201607,5
2016/7/30,2016,Q3,7,30,2016Q3,201607,6
2016/7/31,2016,Q3,7,31,2016Q3,201607,7
2013/8/1,2013,Q3,8,1,2013Q3,201308,4
2013/8/2,2013,Q3,8,2,2013Q3,201308,5
2013/8/3,2013,Q3,8,3,2013Q3,201308,6
2013/8/4,2013,Q3,8,4,2013Q3,201308,7
2013/8/5,2013,Q3,8,5,2013Q3,201308,1
2013/8/6,2013,Q3,8,6,2013Q3,201308,2
2013/8/7,2013,Q3,8,7,2013Q3,201308,3
2013/8/8,2013,Q3,8,8,2013Q3,201308,4
2013/8/9,2013,Q3,8,9,2013Q3,201308,5
2013/8/10,2013,Q3,8,10,2013Q3,201308,6
2013/8/11,2013,Q3,8,11,2013Q3,201308,7
2013/8/12,2013,Q3,8,12,2013Q3,201308,1
2013/8/13,2013,Q3,8,13,2013Q3,201308,2
2013/8/14,2013,Q3,8,14,2013Q3,201308,3
2013/8/15,2013,Q3,8,15,2013Q3,201308,4
2013/8/16,2013,Q3,8,16,2013Q3,201308,5
2013/8/17,2013,Q3,8,17,2013Q3,201308,6
2013/8/18,2013,Q3,8,18,2013Q3,201308,7
2013/8/19,2013,Q3,8,19,2013Q3,201308,1
2013/8/20,2013,Q3,8,20,2013Q3,201308,2
2013/8/21,2013,Q3,8,21,2013Q3,201308,3
2013/8/22,2013,Q3,8,22,2013Q3,201308,4
2013/8/23,2013,Q3,8,23,2013Q3,201308,5
2013/8/24,2013,Q3,8,24,2013Q3,201308,6
2013/8/25,2013,Q3,8,25,2013Q3,201308,7
2013/8/26,2013,Q3,8,26,2013Q3,201308,1
2013/8/27,2013,Q3,8,27,2013Q3,201308,2
2013/8/28,2013,Q3,8,28,2013Q3,201308,3
2013/8/29,2013,Q3,8,29,2013Q3,201308,4
2013/8/30,2013,Q3,8,30,2013Q3,201308,5
2013/8/31,2013,Q3,8,31,2013Q3,201308,6
2014/8/1,2014,Q3,8,1,2014Q3,201408,5
2014/8/2,2014,Q3,8,2,2014Q3,201408,6
2014/8/3,2014,Q3,8,3,2014Q3,201408,7
2014/8/4,2014,Q3,8,4,2014Q3,201408,1
2014/8/5,2014,Q3,8,5,2014Q3,201408,2
2014/8/6,2014,Q3,8,6,2014Q3,201408,3
2014/8/7,2014,Q3,8,7,2014Q3,201408,4
2014/8/8,2014,Q3,8,8,2014Q3,201408,5
2014/8/9,2014,Q3,8,9,2014Q3,201408,6
2014/8/10,2014,Q3,8,10,2014Q3,201408,7
2014/8/11,2014,Q3,8,11,2014Q3,201408,1
2014/8/12,2014,Q3,8,12,2014Q3,201408,2
2014/8/13,2014,Q3,8,13,2014Q3,201408,3
2014/8/14,2014,Q3,8,14,2014Q3,201408,4
2014/8/15,2014,Q3,8,15,2014Q3,201408,5
2014/8/16,2014,Q3,8,16,2014Q3,201408,6
2014/8/17,2014,Q3,8,17,2014Q3,201408,7
2014/8/18,2014,Q3,8,18,2014Q3,201408,1
2014/8/19,2014,Q3,8,19,2014Q3,201408,2
2014/8/20,2014,Q3,8,20,2014Q3,201408,3
2014/8/21,2014,Q3,8,21,2014Q3,201408,4
2014/8/22,2014,Q3,8,22,2014Q3,201408,5
2014/8/23,2014,Q3,8,23,2014Q3,201408,6
2014/8/24,2014,Q3,8,24,2014Q3,201408,7
2014/8/25,2014,Q3,8,25,2014Q3,201408,1
2014/8/26,2014,Q3,8,26,2014Q3,201408,2
2014/8/27,2014,Q3,8,27,2014Q3,201408,3
2014/8/28,2014,Q3,8,28,2014Q3,201408,4
2014/8/29,2014,Q3,8,29,2014Q3,201408,5
2014/8/30,2014,Q3,8,30,2014Q3,201408,6
2014/8/31,2014,Q3,8,31,2014Q3,201408,7
2015/8/1,2015,Q3,8,1,2015Q3,201508,6
2015/8/2,2015,Q3,8,2,2015Q3,201508,7
2015/8/3,2015,Q3,8,3,2015Q3,201508,1
2015/8/4,2015,Q3,8,4,2015Q3,201508,2
2015/8/5,2015,Q3,8,5,2015Q3,201508,3
2015/8/6,2015,Q3,8,6,2015Q3,201508,4
2015/8/7,2015,Q3,8,7,2015Q3,201508,5
2015/8/8,2015,Q3,8,8,2015Q3,201508,6
2015/8/9,2015,Q3,8,9,2015Q3,201508,7
2015/8/10,2015,Q3,8,10,2015Q3,201508,1
2015/8/11,2015,Q3,8,11,2015Q3,201508,2
2015/8/12,2015,Q3,8,12,2015Q3,201508,3
2015/8/13,2015,Q3,8,13,2015Q3,201508,4
2015/8/14,2015,Q3,8,14,2015Q3,201508,5
2015/8/15,2015,Q3,8,15,2015Q3,201508,6
2015/8/16,2015,Q3,8,16,2015Q3,201508,7
2015/8/17,2015,Q3,8,17,2015Q3,201508,1
2015/8/18,2015,Q3,8,18,2015Q3,201508,2
2015/8/19,2015,Q3,8,19,2015Q3,201508,3
2015/8/20,2015,Q3,8,20,2015Q3,201508,4
2015/8/21,2015,Q3,8,21,2015Q3,201508,5
2015/8/22,2015,Q3,8,22,2015Q3,201508,6
2015/8/23,2015,Q3,8,23,2015Q3,201508,7
2015/8/24,2015,Q3,8,24,2015Q3,201508,1
2015/8/25,2015,Q3,8,25,2015Q3,201508,2
2015/8/26,2015,Q3,8,26,2015Q3,201508,3
2015/8/27,2015,Q3,8,27,2015Q3,201508,4
2015/8/28,2015,Q3,8,28,2015Q3,201508,5
2015/8/29,2015,Q3,8,29,2015Q3,201508,6
2015/8/30,2015,Q3,8,30,2015Q3,201508,7
2015/8/31,2015,Q3,8,31,2015Q3,201508,1
2016/8/1,2016,Q3,8,1,2016Q3,201608,1
2016/8/2,2016,Q3,8,2,2016Q3,201608,2
2016/8/3,2016,Q3,8,3,2016Q3,201608,3
2016/8/4,2016,Q3,8,4,2016Q3,201608,4
2016/8/5,2016,Q3,8,5,2016Q3,201608,5
2016/8/6,2016,Q3,8,6,2016Q3,201608,6
2016/8/7,2016,Q3,8,7,2016Q3,201608,7
2016/8/8,2016,Q3,8,8,2016Q3,201608,1
2016/8/9,2016,Q3,8,9,2016Q3,201608,2
2016/8/10,2016,Q3,8,10,2016Q3,201608,3
2016/8/11,2016,Q3,8,11,2016Q3,201608,4
2016/8/12,2016,Q3,8,12,2016Q3,201608,5
2016/8/13,2016,Q3,8,13,2016Q3,201608,6
2016/8/14,2016,Q3,8,14,2016Q3,201608,7
2016/8/15,2016,Q3,8,15,2016Q3,201608,1
2016/8/16,2016,Q3,8,16,2016Q3,201608,2
2016/8/17,2016,Q3,8,17,2016Q3,201608,3
2016/8/18,2016,Q3,8,18,2016Q3,201608,4
2016/8/19,2016,Q3,8,19,2016Q3,201608,5
2016/8/20,2016,Q3,8,20,2016Q3,201608,6
2016/8/21,2016,Q3,8,21,2016Q3,201608,7
2016/8/22,2016,Q3,8,22,2016Q3,201608,1
2016/8/23,2016,Q3,8,23,2016Q3,201608,2
2016/8/24,2016,Q3,8,24,2016Q3,201608,3
2016/8/25,2016,Q3,8,25,2016Q3,201608,4
2016/8/26,2016,Q3,8,26,2016Q3,201608,5
2016/8/27,2016,Q3,8,27,2016Q3,201608,6
2016/8/28,2016,Q3,8,28,2016Q3,201608,7
2016/8/29,2016,Q3,8,29,2016Q3,201608,1
2016/8/30,2016,Q3,8,30,2016Q3,201608,2
2016/8/31,2016,Q3,8,31,2016Q3,201608,3
2013/9/1,2013,Q3,9,1,2013Q3,201309,7
2013/9/2,2013,Q3,9,2,2013Q3,201309,1
2013/9/3,2013,Q3,9,3,2013Q3,201309,2
2013/9/4,2013,Q3,9,4,2013Q3,201309,3
2013/9/5,2013,Q3,9,5,2013Q3,201309,4
2013/9/6,2013,Q3,9,6,2013Q3,201309,5
2013/9/7,2013,Q3,9,7,2013Q3,201309,6
2013/9/8,2013,Q3,9,8,2013Q3,201309,7
2013/9/9,2013,Q3,9,9,2013Q3,201309,1
2013/9/10,2013,Q3,9,10,2013Q3,201309,2
2013/9/11,2013,Q3,9,11,2013Q3,201309,3
2013/9/12,2013,Q3,9,12,2013Q3,201309,4
2013/9/13,2013,Q3,9,13,2013Q3,201309,5
2013/9/14,2013,Q3,9,14,2013Q3,201309,6
2013/9/15,2013,Q3,9,15,2013Q3,201309,7
2013/9/16,2013,Q3,9,16,2013Q3,201309,1
2013/9/17,2013,Q3,9,17,2013Q3,201309,2
2013/9/18,2013,Q3,9,18,2013Q3,201309,3
2013/9/19,2013,Q3,9,19,2013Q3,201309,4
2013/9/20,2013,Q3,9,20,2013Q3,201309,5
2013/9/21,2013,Q3,9,21,2013Q3,201309,6
2013/9/22,2013,Q3,9,22,2013Q3,201309,7
2013/9/23,2013,Q3,9,23,2013Q3,201309,1
2013/9/24,2013,Q3,9,24,2013Q3,201309,2
2013/9/25,2013,Q3,9,25,2013Q3,201309,3
2013/9/26,2013,Q3,9,26,2013Q3,201309,4
2013/9/27,2013,Q3,9,27,2013Q3,201309,5
2013/9/28,2013,Q3,9,28,2013Q3,201309,6
2013/9/29,2013,Q3,9,29,2013Q3,201309,7
2013/9/30,2013,Q3,9,30,2013Q3,201309,1
2014/9/1,2014,Q3,9,1,2014Q3,201409,1
2014/9/2,2014,Q3,9,2,2014Q3,201409,2
2014/9/3,2014,Q3,9,3,2014Q3,201409,3
2014/9/4,2014,Q3,9,4,2014Q3,201409,4
2014/9/5,2014,Q3,9,5,2014Q3,201409,5
2014/9/6,2014,Q3,9,6,2014Q3,201409,6
2014/9/7,2014,Q3,9,7,2014Q3,201409,7
2014/9/8,2014,Q3,9,8,2014Q3,201409,1
2014/9/9,2014,Q3,9,9,2014Q3,201409,2
2014/9/10,2014,Q3,9,10,2014Q3,201409,3
2014/9/11,2014,Q3,9,11,2014Q3,201409,4
2014/9/12,2014,Q3,9,12,2014Q3,201409,5
2014/9/13,2014,Q3,9,13,2014Q3,201409,6
2014/9/14,2014,Q3,9,14,2014Q3,201409,7
2014/9/15,2014,Q3,9,15,2014Q3,201409,1
2014/9/16,2014,Q3,9,16,2014Q3,201409,2
2014/9/17,2014,Q3,9,17,2014Q3,201409,3
2014/9/18,2014,Q3,9,18,2014Q3,201409,4
2014/9/19,2014,Q3,9,19,2014Q3,201409,5
2014/9/20,2014,Q3,9,20,2014Q3,201409,6
2014/9/21,2014,Q3,9,21,2014Q3,201409,7
2014/9/22,2014,Q3,9,22,2014Q3,201409,1
2014/9/23,2014,Q3,9,23,2014Q3,201409,2
2014/9/24,2014,Q3,9,24,2014Q3,201409,3
2014/9/25,2014,Q3,9,25,2014Q3,201409,4
2014/9/26,2014,Q3,9,26,2014Q3,201409,5
2014/9/27,2014,Q3,9,27,2014Q3,201409,6
2014/9/28,2014,Q3,9,28,2014Q3,201409,7
2014/9/29,2014,Q3,9,29,2014Q3,201409,1
2014/9/30,2014,Q3,9,30,2014Q3,201409,2
2015/9/1,2015,Q3,9,1,2015Q3,201509,2
2015/9/2,2015,Q3,9,2,2015Q3,201509,3
2015/9/3,2015,Q3,9,3,2015Q3,201509,4
2015/9/4,2015,Q3,9,4,2015Q3,201509,5
2015/9/5,2015,Q3,9,5,2015Q3,201509,6
2015/9/6,2015,Q3,9,6,2015Q3,201509,7
2015/9/7,2015,Q3,9,7,2015Q3,201509,1
2015/9/8,2015,Q3,9,8,2015Q3,201509,2
2015/9/9,2015,Q3,9,9,2015Q3,201509,3
2015/9/10,2015,Q3,9,10,2015Q3,201509,4
2015/9/11,2015,Q3,9,11,2015Q3,201509,5
2015/9/12,2015,Q3,9,12,2015Q3,201509,6
2015/9/13,2015,Q3,9,13,2015Q3,201509,7
2015/9/14,2015,Q3,9,14,2015Q3,201509,1
2015/9/15,2015,Q3,9,15,2015Q3,201509,2
2015/9/16,2015,Q3,9,16,2015Q3,201509,3
2015/9/17,2015,Q3,9,17,2015Q3,201509,4
2015/9/18,2015,Q3,9,18,2015Q3,201509,5
2015/9/19,2015,Q3,9,19,2015Q3,201509,6
2015/9/20,2015,Q3,9,20,2015Q3,201509,7
2015/9/21,2015,Q3,9,21,2015Q3,201509,1
2015/9/22,2015,Q3,9,22,2015Q3,201509,2
2015/9/23,2015,Q3,9,23,2015Q3,201509,3
2015/9/24,2015,Q3,9,24,2015Q3,201509,4
2015/9/25,2015,Q3,9,25,2015Q3,201509,5
2015/9/26,2015,Q3,9,26,2015Q3,201509,6
2015/9/27,2015,Q3,9,27,2015Q3,201509,7
2015/9/28,2015,Q3,9,28,2015Q3,201509,1
2015/9/29,2015,Q3,9,29,2015Q3,201509,2
2015/9/30,2015,Q3,9,30,2015Q3,201509,3
2016/9/1,2016,Q3,9,1,2016Q3,201609,4
2016/9/2,2016,Q3,9,2,2016Q3,201609,5
2016/9/3,2016,Q3,9,3,2016Q3,201609,6
2016/9/4,2016,Q3,9,4,2016Q3,201609,7
2016/9/5,2016,Q3,9,5,2016Q3,201609,1
2016/9/6,2016,Q3,9,6,2016Q3,201609,2
2016/9/7,2016,Q3,9,7,2016Q3,201609,3
2016/9/8,2016,Q3,9,8,2016Q3,201609,4
2016/9/9,2016,Q3,9,9,2016Q3,201609,5
2016/9/10,2016,Q3,9,10,2016Q3,201609,6
2016/9/11,2016,Q3,9,11,2016Q3,201609,7
2016/9/12,2016,Q3,9,12,2016Q3,201609,1
2016/9/13,2016,Q3,9,13,2016Q3,201609,2
2016/9/14,2016,Q3,9,14,2016Q3,201609,3
2016/9/15,2016,Q3,9,15,2016Q3,201609,4
2016/9/16,2016,Q3,9,16,2016Q3,201609,5
2016/9/17,2016,Q3,9,17,2016Q3,201609,6
2016/9/18,2016,Q3,9,18,2016Q3,201609,7
2016/9/19,2016,Q3,9,19,2016Q3,201609,1
2016/9/20,2016,Q3,9,20,2016Q3,201609,2
2016/9/21,2016,Q3,9,21,2016Q3,201609,3
2016/9/22,2016,Q3,9,22,2016Q3,201609,4
2016/9/23,2016,Q3,9,23,2016Q3,201609,5
2016/9/24,2016,Q3,9,24,2016Q3,201609,6
2016/9/25,2016,Q3,9,25,2016Q3,201609,7
2016/9/26,2016,Q3,9,26,2016Q3,201609,1
2016/9/27,2016,Q3,9,27,2016Q3,201609,2
2016/9/28,2016,Q3,9,28,2016Q3,201609,3
2016/9/29,2016,Q3,9,29,2016Q3,201609,4
2016/9/30,2016,Q3,9,30,2016Q3,201609,5
2013/11/1,2013,Q4,11,1,2013Q4,201311,5
2013/11/2,2013,Q4,11,2,2013Q4,201311,6
2013/11/3,2013,Q4,11,3,2013Q4,201311,7
2013/11/4,2013,Q4,11,4,2013Q4,201311,1
2013/11/5,2013,Q4,11,5,2013Q4,201311,2
2013/11/6,2013,Q4,11,6,2013Q4,201311,3
2013/11/7,2013,Q4,11,7,2013Q4,201311,4
2013/11/8,2013,Q4,11,8,2013Q4,201311,5
2013/11/9,2013,Q4,11,9,2013Q4,201311,6
2013/11/10,2013,Q4,11,10,2013Q4,201311,7
2013/11/11,2013,Q4,11,11,2013Q4,201311,1
2013/11/12,2013,Q4,11,12,2013Q4,201311,2
2013/11/13,2013,Q4,11,13,2013Q4,201311,3
2013/11/14,2013,Q4,11,14,2013Q4,201311,4
2013/11/15,2013,Q4,11,15,2013Q4,201311,5
2013/11/16,2013,Q4,11,16,2013Q4,201311,6
2013/11/17,2013,Q4,11,17,2013Q4,201311,7
2013/11/18,2013,Q4,11,18,2013Q4,201311,1
2013/11/19,2013,Q4,11,19,2013Q4,201311,2
2013/11/20,2013,Q4,11,20,2013Q4,201311,3
2013/11/21,2013,Q4,11,21,2013Q4,201311,4
2013/11/22,2013,Q4,11,22,2013Q4,201311,5
2013/11/23,2013,Q4,11,23,2013Q4,201311,6
2013/11/24,2013,Q4,11,24,2013Q4,201311,7
2013/11/25,2013,Q4,11,25,2013Q4,201311,1
2013/11/26,2013,Q4,11,26,2013Q4,201311,2
2013/11/27,2013,Q4,11,27,2013Q4,201311,3
2013/11/28,2013,Q4,11,28,2013Q4,201311,4
2013/11/29,2013,Q4,11,29,2013Q4,201311,5
2013/11/30,2013,Q4,11,30,2013Q4,201311,6
2014/11/1,2014,Q4,11,1,2014Q4,201411,6
2014/11/2,2014,Q4,11,2,2014Q4,201411,7
2014/11/3,2014,Q4,11,3,2014Q4,201411,1
2014/11/4,2014,Q4,11,4,2014Q4,201411,2
2014/11/5,2014,Q4,11,5,2014Q4,201411,3
2014/11/6,2014,Q4,11,6,2014Q4,201411,4
2014/11/7,2014,Q4,11,7,2014Q4,201411,5
2014/11/8,2014,Q4,11,8,2014Q4,201411,6
2014/11/9,2014,Q4,11,9,2014Q4,201411,7
2014/11/10,2014,Q4,11,10,2014Q4,201411,1
2014/11/11,2014,Q4,11,11,2014Q4,201411,2
2014/11/12,2014,Q4,11,12,2014Q4,201411,3
2014/11/13,2014,Q4,11,13,2014Q4,201411,4
2014/11/14,2014,Q4,11,14,2014Q4,201411,5
2014/11/15,2014,Q4,11,15,2014Q4,201411,6
2014/11/16,2014,Q4,11,16,2014Q4,201411,7
2014/11/17,2014,Q4,11,17,2014Q4,201411,1
2014/11/18,2014,Q4,11,18,2014Q4,201411,2
2014/11/19,2014,Q4,11,19,2014Q4,201411,3
2014/11/20,2014,Q4,11,20,2014Q4,201411,4
2014/11/21,2014,Q4,11,21,2014Q4,201411,5
2014/11/22,2014,Q4,11,22,2014Q4,201411,6
2014/11/23,2014,Q4,11,23,2014Q4,201411,7
2014/11/24,2014,Q4,11,24,2014Q4,201411,1
2014/11/25,2014,Q4,11,25,2014Q4,201411,2
2014/11/26,2014,Q4,11,26,2014Q4,201411,3
2014/11/27,2014,Q4,11,27,2014Q4,201411,4
2014/11/28,2014,Q4,11,28,2014Q4,201411,5
2014/11/29,2014,Q4,11,29,2014Q4,201411,6
2014/11/30,2014,Q4,11,30,2014Q4,201411,7
2015/11/1,2015,Q4,11,1,2015Q4,201511,7
2015/11/2,2015,Q4,11,2,2015Q4,201511,1
2015/11/3,2015,Q4,11,3,2015Q4,201511,2
2015/11/4,2015,Q4,11,4,2015Q4,201511,3
2015/11/5,2015,Q4,11,5,2015Q4,201511,4
2015/11/6,2015,Q4,11,6,2015Q4,201511,5
2015/11/7,2015,Q4,11,7,2015Q4,201511,6
2015/11/8,2015,Q4,11,8,2015Q4,201511,7
2015/11/9,2015,Q4,11,9,2015Q4,201511,1
2015/11/10,2015,Q4,11,10,2015Q4,201511,2
2015/11/11,2015,Q4,11,11,2015Q4,201511,3
2015/11/12,2015,Q4,11,12,2015Q4,201511,4
2015/11/13,2015,Q4,11,13,2015Q4,201511,5
2015/11/14,2015,Q4,11,14,2015Q4,201511,6
2015/11/15,2015,Q4,11,15,2015Q4,201511,7
2015/11/16,2015,Q4,11,16,2015Q4,201511,1
2015/11/17,2015,Q4,11,17,2015Q4,201511,2
2015/11/18,2015,Q4,11,18,2015Q4,201511,3
2015/11/19,2015,Q4,11,19,2015Q4,201511,4
2015/11/20,2015,Q4,11,20,2015Q4,201511,5
2015/11/21,2015,Q4,11,21,2015Q4,201511,6
2015/11/22,2015,Q4,11,22,2015Q4,201511,7
2015/11/23,2015,Q4,11,23,2015Q4,201511,1
2015/11/24,2015,Q4,11,24,2015Q4,201511,2
2015/11/25,2015,Q4,11,25,2015Q4,201511,3
2015/11/26,2015,Q4,11,26,2015Q4,201511,4
2015/11/27,2015,Q4,11,27,2015Q4,201511,5
2015/11/28,2015,Q4,11,28,2015Q4,201511,6
2015/11/29,2015,Q4,11,29,2015Q4,201511,7
2015/11/30,2015,Q4,11,30,2015Q4,201511,1
2016/11/1,2016,Q4,11,1,2016Q4,201611,2
2016/11/2,2016,Q4,11,2,2016Q4,201611,3
2016/11/3,2016,Q4,11,3,2016Q4,201611,4
2016/11/4,2016,Q4,11,4,2016Q4,201611,5
2016/11/5,2016,Q4,11,5,2016Q4,201611,6
2016/11/6,2016,Q4,11,6,2016Q4,201611,7
2016/11/7,2016,Q4,11,7,2016Q4,201611,1
2016/11/8,2016,Q4,11,8,2016Q4,201611,2
2016/11/9,2016,Q4,11,9,2016Q4,201611,3
2016/11/10,2016,Q4,11,10,2016Q4,201611,4
2016/11/11,2016,Q4,11,11,2016Q4,201611,5
2016/11/12,2016,Q4,11,12,2016Q4,201611,6
2016/11/13,2016,Q4,11,13,2016Q4,201611,7
2016/11/14,2016,Q4,11,14,2016Q4,201611,1
2016/11/15,2016,Q4,11,15,2016Q4,201611,2
2016/11/16,2016,Q4,11,16,2016Q4,201611,3
2016/11/17,2016,Q4,11,17,2016Q4,201611,4
2016/11/18,2016,Q4,11,18,2016Q4,201611,5
2016/11/19,2016,Q4,11,19,2016Q4,201611,6
2016/11/20,2016,Q4,11,20,2016Q4,201611,7
2016/11/21,2016,Q4,11,21,2016Q4,201611,1
2016/11/22,2016,Q4,11,22,2016Q4,201611,2
2016/11/23,2016,Q4,11,23,2016Q4,201611,3
2016/11/24,2016,Q4,11,24,2016Q4,201611,4
2016/11/25,2016,Q4,11,25,2016Q4,201611,5
2016/11/26,2016,Q4,11,26,2016Q4,201611,6
2016/11/27,2016,Q4,11,27,2016Q4,201611,7
2016/11/28,2016,Q4,11,28,2016Q4,201611,1
2016/11/29,2016,Q4,11,29,2016Q4,201611,2
2016/11/30,2016,Q4,11,30,2016Q4,201611,3
2013/12/1,2013,Q4,12,1,2013Q4,201312,7
2013/12/2,2013,Q4,12,2,2013Q4,201312,1
2013/12/3,2013,Q4,12,3,2013Q4,201312,2
2013/12/4,2013,Q4,12,4,2013Q4,201312,3
2013/12/5,2013,Q4,12,5,2013Q4,201312,4
2013/12/6,2013,Q4,12,6,2013Q4,201312,5
2013/12/7,2013,Q4,12,7,2013Q4,201312,6
2013/12/8,2013,Q4,12,8,2013Q4,201312,7
2013/12/9,2013,Q4,12,9,2013Q4,201312,1
2013/12/10,2013,Q4,12,10,2013Q4,201312,2
2013/12/11,2013,Q4,12,11,2013Q4,201312,3
2013/12/12,2013,Q4,12,12,2013Q4,201312,4
2013/12/13,2013,Q4,12,13,2013Q4,201312,5
2013/12/14,2013,Q4,12,14,2013Q4,201312,6
2013/12/15,2013,Q4,12,15,2013Q4,201312,7
2013/12/16,2013,Q4,12,16,2013Q4,201312,1
2013/12/17,2013,Q4,12,17,2013Q4,201312,2
2013/12/18,2013,Q4,12,18,2013Q4,201312,3
2013/12/19,2013,Q4,12,19,2013Q4,201312,4
2013/12/20,2013,Q4,12,20,2013Q4,201312,5
2013/12/21,2013,Q4,12,21,2013Q4,201312,6
2013/12/22,2013,Q4,12,22,2013Q4,201312,7
2013/12/23,2013,Q4,12,23,2013Q4,201312,1
2013/12/24,2013,Q4,12,24,2013Q4,201312,2
2013/12/25,2013,Q4,12,25,2013Q4,201312,3
2013/12/26,2013,Q4,12,26,2013Q4,201312,4
2013/12/27,2013,Q4,12,27,2013Q4,201312,5
2013/12/28,2013,Q4,12,28,2013Q4,201312,6
2013/12/29,2013,Q4,12,29,2013Q4,201312,7
2013/12/30,2013,Q4,12,30,2013Q4,201312,1
2013/12/31,2013,Q4,12,31,2013Q4,201312,2
2014/12/1,2014,Q4,12,1,2014Q4,201412,1
2014/12/2,2014,Q4,12,2,2014Q4,201412,2
2014/12/3,2014,Q4,12,3,2014Q4,201412,3
2014/12/4,2014,Q4,12,4,2014Q4,201412,4
2014/12/5,2014,Q4,12,5,2014Q4,201412,5
2014/12/6,2014,Q4,12,6,2014Q4,201412,6
2014/12/7,2014,Q4,12,7,2014Q4,201412,7
2014/12/8,2014,Q4,12,8,2014Q4,201412,1
2014/12/9,2014,Q4,12,9,2014Q4,201412,2
2014/12/10,2014,Q4,12,10,2014Q4,201412,3
2014/12/11,2014,Q4,12,11,2014Q4,201412,4
2014/12/12,2014,Q4,12,12,2014Q4,201412,5
2014/12/13,2014,Q4,12,13,2014Q4,201412,6
2014/12/14,2014,Q4,12,14,2014Q4,201412,7
2014/12/15,2014,Q4,12,15,2014Q4,201412,1
2014/12/16,2014,Q4,12,16,2014Q4,201412,2
2014/12/17,2014,Q4,12,17,2014Q4,201412,3
2014/12/18,2014,Q4,12,18,2014Q4,201412,4
2014/12/19,2014,Q4,12,19,2014Q4,201412,5
2014/12/20,2014,Q4,12,20,2014Q4,201412,6
2014/12/21,2014,Q4,12,21,2014Q4,201412,7
2014/12/22,2014,Q4,12,22,2014Q4,201412,1
2014/12/23,2014,Q4,12,23,2014Q4,201412,2
2014/12/24,2014,Q4,12,24,2014Q4,201412,3
2014/12/25,2014,Q4,12,25,2014Q4,201412,4
2014/12/26,2014,Q4,12,26,2014Q4,201412,5
2014/12/27,2014,Q4,12,27,2014Q4,201412,6
2014/12/28,2014,Q4,12,28,2014Q4,201412,7
2014/12/29,2014,Q4,12,29,2014Q4,201412,1
2014/12/30,2014,Q4,12,30,2014Q4,201412,2
2014/12/31,2014,Q4,12,31,2014Q4,201412,3
2015/12/1,2015,Q4,12,1,2015Q4,201512,2
2015/12/2,2015,Q4,12,2,2015Q4,201512,3
2015/12/3,2015,Q4,12,3,2015Q4,201512,4
2015/12/4,2015,Q4,12,4,2015Q4,201512,5
2015/12/5,2015,Q4,12,5,2015Q4,201512,6
2015/12/6,2015,Q4,12,6,2015Q4,201512,7
2015/12/7,2015,Q4,12,7,2015Q4,201512,1
2015/12/8,2015,Q4,12,8,2015Q4,201512,2
2015/12/9,2015,Q4,12,9,2015Q4,201512,3
2015/12/10,2015,Q4,12,10,2015Q4,201512,4
2015/12/11,2015,Q4,12,11,2015Q4,201512,5
2015/12/12,2015,Q4,12,12,2015Q4,201512,6
2015/12/13,2015,Q4,12,13,2015Q4,201512,7
2015/12/14,2015,Q4,12,14,2015Q4,201512,1
2015/12/15,2015,Q4,12,15,2015Q4,201512,2
2015/12/16,2015,Q4,12,16,2015Q4,201512,3
2015/12/17,2015,Q4,12,17,2015Q4,201512,4
2015/12/18,2015,Q4,12,18,2015Q4,201512,5
2015/12/19,2015,Q4,12,19,2015Q4,201512,6
2015/12/20,2015,Q4,12,20,2015Q4,201512,7
2015/12/21,2015,Q4,12,21,2015Q4,201512,1
2015/12/22,2015,Q4,12,22,2015Q4,201512,2
2015/12/23,2015,Q4,12,23,2015Q4,201512,3
2015/12/24,2015,Q4,12,24,2015Q4,201512,4
2015/12/25,2015,Q4,12,25,2015Q4,201512,5
2015/12/26,2015,Q4,12,26,2015Q4,201512,6
2015/12/27,2015,Q4,12,27,2015Q4,201512,7
2015/12/28,2015,Q4,12,28,2015Q4,201512,1
2015/12/29,2015,Q4,12,29,2015Q4,201512,2
2015/12/30,2015,Q4,12,30,2015Q4,201512,3
2015/12/31,2015,Q4,12,31,2015Q4,201512,4
2016/12/1,2016,Q4,12,1,2016Q4,201612,4
2016/12/2,2016,Q4,12,2,2016Q4,201612,5
2016/12/3,2016,Q4,12,3,2016Q4,201612,6
2016/12/4,2016,Q4,12,4,2016Q4,201612,7
2016/12/5,2016,Q4,12,5,2016Q4,201612,1
2016/12/6,2016,Q4,12,6,2016Q4,201612,2
2016/12/7,2016,Q4,12,7,2016Q4,201612,3
2016/12/8,2016,Q4,12,8,2016Q4,201612,4
2016/12/9,2016,Q4,12,9,2016Q4,201612,5
2016/12/10,2016,Q4,12,10,2016Q4,201612,6
2016/12/11,2016,Q4,12,11,2016Q4,201612,7
2016/12/12,2016,Q4,12,12,2016Q4,201612,1
2016/12/13,2016,Q4,12,13,2016Q4,201612,2
2016/12/14,2016,Q4,12,14,2016Q4,201612,3
2016/12/15,2016,Q4,12,15,2016Q4,201612,4
2016/12/16,2016,Q4,12,16,2016Q4,201612,5
2016/12/17,2016,Q4,12,17,2016Q4,201612,6
2016/12/18,2016,Q4,12,18,2016Q4,201612,7
2016/12/19,2016,Q4,12,19,2016Q4,201612,1
2016/12/20,2016,Q4,12,20,2016Q4,201612,2
2016/12/21,2016,Q4,12,21,2016Q4,201612,3
2016/12/22,2016,Q4,12,22,2016Q4,201612,4
2016/12/23,2016,Q4,12,23,2016Q4,201612,5
2016/12/24,2016,Q4,12,24,2016Q4,201612,6
2016/12/25,2016,Q4,12,25,2016Q4,201612,7
2016/12/26,2016,Q4,12,26,2016Q4,201612,1
2016/12/27,2016,Q4,12,27,2016Q4,201612,2
2016/12/28,2016,Q4,12,28,2016Q4,201612,3
2016/12/29,2016,Q4,12,29,2016Q4,201612,4
2016/12/30,2016,Q4,12,30,2016Q4,201612,5
2016/12/31,2016,Q4,12,31,2016Q4,201612,6
2013/10/1,2013,Q4,10,1,2013Q4,201310,2
2013/10/2,2013,Q4,10,2,2013Q4,201310,3
2013/10/3,2013,Q4,10,3,2013Q4,201310,4
2013/10/4,2013,Q4,10,4,2013Q4,201310,5
2013/10/5,2013,Q4,10,5,2013Q4,201310,6
2013/10/6,2013,Q4,10,6,2013Q4,201310,7
2013/10/7,2013,Q4,10,7,2013Q4,201310,1
2013/10/8,2013,Q4,10,8,2013Q4,201310,2
2013/10/9,2013,Q4,10,9,2013Q4,201310,3
2013/10/10,2013,Q4,10,10,2013Q4,201310,4
2013/10/11,2013,Q4,10,11,2013Q4,201310,5
2013/10/12,2013,Q4,10,12,2013Q4,201310,6
2013/10/13,2013,Q4,10,13,2013Q4,201310,7
2013/10/14,2013,Q4,10,14,2013Q4,201310,1
2013/10/15,2013,Q4,10,15,2013Q4,201310,2
2013/10/16,2013,Q4,10,16,2013Q4,201310,3
2013/10/17,2013,Q4,10,17,2013Q4,201310,4
2013/10/18,2013,Q4,10,18,2013Q4,201310,5
2013/10/19,2013,Q4,10,19,2013Q4,201310,6
2013/10/20,2013,Q4,10,20,2013Q4,201310,7
2013/10/21,2013,Q4,10,21,2013Q4,201310,1
2013/10/22,2013,Q4,10,22,2013Q4,201310,2
2013/10/23,2013,Q4,10,23,2013Q4,201310,3
2013/10/24,2013,Q4,10,24,2013Q4,201310,4
2013/10/25,2013,Q4,10,25,2013Q4,201310,5
2013/10/26,2013,Q4,10,26,2013Q4,201310,6
2013/10/27,2013,Q4,10,27,2013Q4,201310,7
2013/10/28,2013,Q4,10,28,2013Q4,201310,1
2013/10/29,2013,Q4,10,29,2013Q4,201310,2
2013/10/30,2013,Q4,10,30,2013Q4,201310,3
2013/10/31,2013,Q4,10,31,2013Q4,201310,4
2014/10/1,2014,Q4,10,1,2014Q4,201410,3
2014/10/2,2014,Q4,10,2,2014Q4,201410,4
2014/10/3,2014,Q4,10,3,2014Q4,201410,5
2014/10/4,2014,Q4,10,4,2014Q4,201410,6
2014/10/5,2014,Q4,10,5,2014Q4,201410,7
2014/10/6,2014,Q4,10,6,2014Q4,201410,1
2014/10/7,2014,Q4,10,7,2014Q4,201410,2
2014/10/8,2014,Q4,10,8,2014Q4,201410,3
2014/10/9,2014,Q4,10,9,2014Q4,201410,4
2014/10/10,2014,Q4,10,10,2014Q4,201410,5
2014/10/11,2014,Q4,10,11,2014Q4,201410,6
2014/10/12,2014,Q4,10,12,2014Q4,201410,7
2014/10/13,2014,Q4,10,13,2014Q4,201410,1
2014/10/14,2014,Q4,10,14,2014Q4,201410,2
2014/10/15,2014,Q4,10,15,2014Q4,201410,3
2014/10/16,2014,Q4,10,16,2014Q4,201410,4
2014/10/17,2014,Q4,10,17,2014Q4,201410,5
2014/10/18,2014,Q4,10,18,2014Q4,201410,6
2014/10/19,2014,Q4,10,19,2014Q4,201410,7
2014/10/20,2014,Q4,10,20,2014Q4,201410,1
2014/10/21,2014,Q4,10,21,2014Q4,201410,2
2014/10/22,2014,Q4,10,22,2014Q4,201410,3
2014/10/23,2014,Q4,10,23,2014Q4,201410,4
2014/10/24,2014,Q4,10,24,2014Q4,201410,5
2014/10/25,2014,Q4,10,25,2014Q4,201410,6
2014/10/26,2014,Q4,10,26,2014Q4,201410,7
2014/10/27,2014,Q4,10,27,2014Q4,201410,1
2014/10/28,2014,Q4,10,28,2014Q4,201410,2
2014/10/29,2014,Q4,10,29,2014Q4,201410,3
2014/10/30,2014,Q4,10,30,2014Q4,201410,4
2014/10/31,2014,Q4,10,31,2014Q4,201410,5
2015/10/1,2015,Q4,10,1,2015Q4,201510,4
2015/10/2,2015,Q4,10,2,2015Q4,201510,5
2015/10/3,2015,Q4,10,3,2015Q4,201510,6
2015/10/4,2015,Q4,10,4,2015Q4,201510,7
2015/10/5,2015,Q4,10,5,2015Q4,201510,1
2015/10/6,2015,Q4,10,6,2015Q4,201510,2
2015/10/7,2015,Q4,10,7,2015Q4,201510,3
2015/10/8,2015,Q4,10,8,2015Q4,201510,4
2015/10/9,2015,Q4,10,9,2015Q4,201510,5
2015/10/10,2015,Q4,10,10,2015Q4,201510,6
2015/10/11,2015,Q4,10,11,2015Q4,201510,7
2015/10/12,2015,Q4,10,12,2015Q4,201510,1
2015/10/13,2015,Q4,10,13,2015Q4,201510,2
2015/10/14,2015,Q4,10,14,2015Q4,201510,3
2015/10/15,2015,Q4,10,15,2015Q4,201510,4
2015/10/16,2015,Q4,10,16,2015Q4,201510,5
2015/10/17,2015,Q4,10,17,2015Q4,201510,6
2015/10/18,2015,Q4,10,18,2015Q4,201510,7
2015/10/19,2015,Q4,10,19,2015Q4,201510,1
2015/10/20,2015,Q4,10,20,2015Q4,201510,2
2015/10/21,2015,Q4,10,21,2015Q4,201510,3
2015/10/22,2015,Q4,10,22,2015Q4,201510,4
2015/10/23,2015,Q4,10,23,2015Q4,201510,5
2015/10/24,2015,Q4,10,24,2015Q4,201510,6
2015/10/25,2015,Q4,10,25,2015Q4,201510,7
2015/10/26,2015,Q4,10,26,2015Q4,201510,1
2015/10/27,2015,Q4,10,27,2015Q4,201510,2
2015/10/28,2015,Q4,10,28,2015Q4,201510,3
2015/10/29,2015,Q4,10,29,2015Q4,201510,4
2015/10/30,2015,Q4,10,30,2015Q4,201510,5
2015/10/31,2015,Q4,10,31,2015Q4,201510,6
2016/10/1,2016,Q4,10,1,2016Q4,201610,6
2016/10/2,2016,Q4,10,2,2016Q4,201610,7
2016/10/3,2016,Q4,10,3,2016Q4,201610,1
2016/10/4,2016,Q4,10,4,2016Q4,201610,2
2016/10/5,2016,Q4,10,5,2016Q4,201610,3
2016/10/6,2016,Q4,10,6,2016Q4,201610,4
2016/10/7,2016,Q4,10,7,2016Q4,201610,5
2016/10/8,2016,Q4,10,8,2016Q4,201610,6
2016/10/9,2016,Q4,10,9,2016Q4,201610,7
2016/10/10,2016,Q4,10,10,2016Q4,201610,1
2016/10/11,2016,Q4,10,11,2016Q4,201610,2
2016/10/12,2016,Q4,10,12,2016Q4,201610,3
2016/10/13,2016,Q4,10,13,2016Q4,201610,4
2016/10/14,2016,Q4,10,14,2016Q4,201610,5
2016/10/15,2016,Q4,10,15,2016Q4,201610,6
2016/10/16,2016,Q4,10,16,2016Q4,201610,7
2016/10/17,2016,Q4,10,17,2016Q4,201610,1
2016/10/18,2016,Q4,10,18,2016Q4,201610,2
2016/10/19,2016,Q4,10,19,2016Q4,201610,3
2016/10/20,2016,Q4,10,20,2016Q4,201610,4
2016/10/21,2016,Q4,10,21,2016Q4,201610,5
2016/10/22,2016,Q4,10,22,2016Q4,201610,6
2016/10/23,2016,Q4,10,23,2016Q4,201610,7
2016/10/24,2016,Q4,10,24,2016Q4,201610,1
2016/10/25,2016,Q4,10,25,2016Q4,201610,2
2016/10/26,2016,Q4,10,26,2016Q4,201610,3
2016/10/27,2016,Q4,10,27,2016Q4,201610,4
2016/10/28,2016,Q4,10,28,2016Q4,201610,5
2016/10/29,2016,Q4,10,29,2016Q4,201610,6
2016/10/30,2016,Q4,10,30,2016Q4,201610,7
2016/10/31,2016,Q4,10,31,2016Q4,201610,1
2013/5/1,2013,Q2,5,1,2013Q2,201305,3
2013/5/2,2013,Q2,5,2,2013Q2,201305,4
2013/5/3,2013,Q2,5,3,2013Q2,201305,5
2013/5/4,2013,Q2,5,4,2013Q2,201305,6
2013/5/5,2013,Q2,5,5,2013Q2,201305,7
2013/5/6,2013,Q2,5,6,2013Q2,201305,1
2013/5/7,2013,Q2,5,7,2013Q2,201305,2
2013/5/8,2013,Q2,5,8,2013Q2,201305,3
2013/5/9,2013,Q2,5,9,2013Q2,201305,4
2013/5/10,2013,Q2,5,10,2013Q2,201305,5
2013/5/11,2013,Q2,5,11,2013Q2,201305,6
2013/5/12,2013,Q2,5,12,2013Q2,201305,7
2013/5/13,2013,Q2,5,13,2013Q2,201305,1
2013/5/14,2013,Q2,5,14,2013Q2,201305,2
2013/5/15,2013,Q2,5,15,2013Q2,201305,3
2013/5/16,2013,Q2,5,16,2013Q2,201305,4
2013/5/17,2013,Q2,5,17,2013Q2,201305,5
2013/5/18,2013,Q2,5,18,2013Q2,201305,6
2013/5/19,2013,Q2,5,19,2013Q2,201305,7
2013/5/20,2013,Q2,5,20,2013Q2,201305,1
2013/5/21,2013,Q2,5,21,2013Q2,201305,2
2013/5/22,2013,Q2,5,22,2013Q2,201305,3
2013/5/23,2013,Q2,5,23,2013Q2,201305,4
2013/5/24,2013,Q2,5,24,2013Q2,201305,5
2013/5/25,2013,Q2,5,25,2013Q2,201305,6
2013/5/26,2013,Q2,5,26,2013Q2,201305,7
2013/5/27,2013,Q2,5,27,2013Q2,201305,1
2013/5/28,2013,Q2,5,28,2013Q2,201305,2
2013/5/29,2013,Q2,5,29,2013Q2,201305,3
2013/5/30,2013,Q2,5,30,2013Q2,201305,4
2013/5/31,2013,Q2,5,31,2013Q2,201305,5
2014/5/1,2014,Q2,5,1,2014Q2,201405,4
2014/5/2,2014,Q2,5,2,2014Q2,201405,5
2014/5/3,2014,Q2,5,3,2014Q2,201405,6
2014/5/4,2014,Q2,5,4,2014Q2,201405,7
2014/5/5,2014,Q2,5,5,2014Q2,201405,1
2014/5/6,2014,Q2,5,6,2014Q2,201405,2
2014/5/7,2014,Q2,5,7,2014Q2,201405,3
2014/5/8,2014,Q2,5,8,2014Q2,201405,4
2014/5/9,2014,Q2,5,9,2014Q2,201405,5
2014/5/10,2014,Q2,5,10,2014Q2,201405,6
2014/5/11,2014,Q2,5,11,2014Q2,201405,7
2014/5/12,2014,Q2,5,12,2014Q2,201405,1
2014/5/13,2014,Q2,5,13,2014Q2,201405,2
2014/5/14,2014,Q2,5,14,2014Q2,201405,3
2014/5/15,2014,Q2,5,15,2014Q2,201405,4
2014/5/16,2014,Q2,5,16,2014Q2,201405,5
2014/5/17,2014,Q2,5,17,2014Q2,201405,6
2014/5/18,2014,Q2,5,18,2014Q2,201405,7
2014/5/19,2014,Q2,5,19,2014Q2,201405,1
2014/5/20,2014,Q2,5,20,2014Q2,201405,2
2014/5/21,2014,Q2,5,21,2014Q2,201405,3
2014/5/22,2014,Q2,5,22,2014Q2,201405,4
2014/5/23,2014,Q2,5,23,2014Q2,201405,5
2014/5/24,2014,Q2,5,24,2014Q2,201405,6
2014/5/25,2014,Q2,5,25,2014Q2,201405,7
2014/5/26,2014,Q2,5,26,2014Q2,201405,1
2014/5/27,2014,Q2,5,27,2014Q2,201405,2
2014/5/28,2014,Q2,5,28,2014Q2,201405,3
2014/5/29,2014,Q2,5,29,2014Q2,201405,4
2014/5/30,2014,Q2,5,30,2014Q2,201405,5
2014/5/31,2014,Q2,5,31,2014Q2,201405,6
2015/5/1,2015,Q2,5,1,2015Q2,201505,5
2015/5/2,2015,Q2,5,2,2015Q2,201505,6
2015/5/3,2015,Q2,5,3,2015Q2,201505,7
2015/5/4,2015,Q2,5,4,2015Q2,201505,1
2015/5/5,2015,Q2,5,5,2015Q2,201505,2
2015/5/6,2015,Q2,5,6,2015Q2,201505,3
2015/5/7,2015,Q2,5,7,2015Q2,201505,4
2015/5/8,2015,Q2,5,8,2015Q2,201505,5
2015/5/9,2015,Q2,5,9,2015Q2,201505,6
2015/5/10,2015,Q2,5,10,2015Q2,201505,7
2015/5/11,2015,Q2,5,11,2015Q2,201505,1
2015/5/12,2015,Q2,5,12,2015Q2,201505,2
2015/5/13,2015,Q2,5,13,2015Q2,201505,3
2015/5/14,2015,Q2,5,14,2015Q2,201505,4
2015/5/15,2015,Q2,5,15,2015Q2,201505,5
2015/5/16,2015,Q2,5,16,2015Q2,201505,6
2015/5/17,2015,Q2,5,17,2015Q2,201505,7
2015/5/18,2015,Q2,5,18,2015Q2,201505,1
2015/5/19,2015,Q2,5,19,2015Q2,201505,2
2015/5/20,2015,Q2,5,20,2015Q2,201505,3
2015/5/21,2015,Q2,5,21,2015Q2,201505,4
2015/5/22,2015,Q2,5,22,2015Q2,201505,5
2015/5/23,2015,Q2,5,23,2015Q2,201505,6
2015/5/24,2015,Q2,5,24,2015Q2,201505,7
2015/5/25,2015,Q2,5,25,2015Q2,201505,1
2015/5/26,2015,Q2,5,26,2015Q2,201505,2
2015/5/27,2015,Q2,5,27,2015Q2,201505,3
2015/5/28,2015,Q2,5,28,2015Q2,201505,4
2015/5/29,2015,Q2,5,29,2015Q2,201505,5
2015/5/30,2015,Q2,5,30,2015Q2,201505,6
2015/5/31,2015,Q2,5,31,2015Q2,201505,7
2016/5/1,2016,Q2,5,1,2016Q2,201605,7
2016/5/2,2016,Q2,5,2,2016Q2,201605,1
2016/5/3,2016,Q2,5,3,2016Q2,201605,2
2016/5/4,2016,Q2,5,4,2016Q2,201605,3
2016/5/5,2016,Q2,5,5,2016Q2,201605,4
2016/5/6,2016,Q2,5,6,2016Q2,201605,5
2016/5/7,2016,Q2,5,7,2016Q2,201605,6
2016/5/8,2016,Q2,5,8,2016Q2,201605,7
2016/5/9,2016,Q2,5,9,2016Q2,201605,1
2016/5/10,2016,Q2,5,10,2016Q2,201605,2
2016/5/11,2016,Q2,5,11,2016Q2,201605,3
2016/5/12,2016,Q2,5,12,2016Q2,201605,4
2016/5/13,2016,Q2,5,13,2016Q2,201605,5
2016/5/14,2016,Q2,5,14,2016Q2,201605,6
2016/5/15,2016,Q2,5,15,2016Q2,201605,7
2016/5/16,2016,Q2,5,16,2016Q2,201605,1
2016/5/17,2016,Q2,5,17,2016Q2,201605,2
2016/5/18,2016,Q2,5,18,2016Q2,201605,3
2016/5/19,2016,Q2,5,19,2016Q2,201605,4
2016/5/20,2016,Q2,5,20,2016Q2,201605,5
2016/5/21,2016,Q2,5,21,2016Q2,201605,6
2016/5/22,2016,Q2,5,22,2016Q2,201605,7
2016/5/23,2016,Q2,5,23,2016Q2,201605,1
2016/5/24,2016,Q2,5,24,2016Q2,201605,2
2016/5/25,2016,Q2,5,25,2016Q2,201605,3
2016/5/26,2016,Q2,5,26,2016Q2,201605,4
2016/5/27,2016,Q2,5,27,2016Q2,201605,5
2016/5/28,2016,Q2,5,28,2016Q2,201605,6
2016/5/29,2016,Q2,5,29,2016Q2,201605,7
2016/5/30,2016,Q2,5,30,2016Q2,201605,1
2016/5/31,2016,Q2,5,31,2016Q2,201605,2
2013/4/1,2013,Q2,4,1,2013Q2,201304,1
2013/4/2,2013,Q2,4,2,2013Q2,201304,2
2013/4/3,2013,Q2,4,3,2013Q2,201304,3
2013/4/4,2013,Q2,4,4,2013Q2,201304,4
2013/4/5,2013,Q2,4,5,2013Q2,201304,5
2013/4/6,2013,Q2,4,6,2013Q2,201304,6
2013/4/7,2013,Q2,4,7,2013Q2,201304,7
2013/4/8,2013,Q2,4,8,2013Q2,201304,1
2013/4/9,2013,Q2,4,9,2013Q2,201304,2
2013/4/10,2013,Q2,4,10,2013Q2,201304,3
2013/4/11,2013,Q2,4,11,2013Q2,201304,4
2013/4/12,2013,Q2,4,12,2013Q2,201304,5
2013/4/13,2013,Q2,4,13,2013Q2,201304,6
2013/4/14,2013,Q2,4,14,2013Q2,201304,7
2013/4/15,2013,Q2,4,15,2013Q2,201304,1
2013/4/16,2013,Q2,4,16,2013Q2,201304,2
2013/4/17,2013,Q2,4,17,2013Q2,201304,3
2013/4/18,2013,Q2,4,18,2013Q2,201304,4
2013/4/19,2013,Q2,4,19,2013Q2,201304,5
2013/4/20,2013,Q2,4,20,2013Q2,201304,6
2013/4/21,2013,Q2,4,21,2013Q2,201304,7
2013/4/22,2013,Q2,4,22,2013Q2,201304,1
2013/4/23,2013,Q2,4,23,2013Q2,201304,2
2013/4/24,2013,Q2,4,24,2013Q2,201304,3
2013/4/25,2013,Q2,4,25,2013Q2,201304,4
2013/4/26,2013,Q2,4,26,2013Q2,201304,5
2013/4/27,2013,Q2,4,27,2013Q2,201304,6
2013/4/28,2013,Q2,4,28,2013Q2,201304,7
2013/4/29,2013,Q2,4,29,2013Q2,201304,1
2013/4/30,2013,Q2,4,30,2013Q2,201304,2
2014/4/1,2014,Q2,4,1,2014Q2,201404,2
2014/4/2,2014,Q2,4,2,2014Q2,201404,3
2014/4/3,2014,Q2,4,3,2014Q2,201404,4
2014/4/4,2014,Q2,4,4,2014Q2,201404,5
2014/4/5,2014,Q2,4,5,2014Q2,201404,6
2014/4/6,2014,Q2,4,6,2014Q2,201404,7
2014/4/7,2014,Q2,4,7,2014Q2,201404,1
2014/4/8,2014,Q2,4,8,2014Q2,201404,2
2014/4/9,2014,Q2,4,9,2014Q2,201404,3
2014/4/10,2014,Q2,4,10,2014Q2,201404,4
2014/4/11,2014,Q2,4,11,2014Q2,201404,5
2014/4/12,2014,Q2,4,12,2014Q2,201404,6
2014/4/13,2014,Q2,4,13,2014Q2,201404,7
2014/4/14,2014,Q2,4,14,2014Q2,201404,1
2014/4/15,2014,Q2,4,15,2014Q2,201404,2
2014/4/16,2014,Q2,4,16,2014Q2,201404,3
2014/4/17,2014,Q2,4,17,2014Q2,201404,4
2014/4/18,2014,Q2,4,18,2014Q2,201404,5
2014/4/19,2014,Q2,4,19,2014Q2,201404,6
2014/4/20,2014,Q2,4,20,2014Q2,201404,7
2014/4/21,2014,Q2,4,21,2014Q2,201404,1
2014/4/22,2014,Q2,4,22,2014Q2,201404,2
2014/4/23,2014,Q2,4,23,2014Q2,201404,3
2014/4/24,2014,Q2,4,24,2014Q2,201404,4
2014/4/25,2014,Q2,4,25,2014Q2,201404,5
2014/4/26,2014,Q2,4,26,2014Q2,201404,6
2014/4/27,2014,Q2,4,27,2014Q2,201404,7
2014/4/28,2014,Q2,4,28,2014Q2,201404,1
2014/4/29,2014,Q2,4,29,2014Q2,201404,2
2014/4/30,2014,Q2,4,30,2014Q2,201404,3
2015/4/1,2015,Q2,4,1,2015Q2,201504,3
2015/4/2,2015,Q2,4,2,2015Q2,201504,4
2015/4/3,2015,Q2,4,3,2015Q2,201504,5
2015/4/4,2015,Q2,4,4,2015Q2,201504,6
2015/4/5,2015,Q2,4,5,2015Q2,201504,7
2015/4/6,2015,Q2,4,6,2015Q2,201504,1
2015/4/7,2015,Q2,4,7,2015Q2,201504,2
2015/4/8,2015,Q2,4,8,2015Q2,201504,3
2015/4/9,2015,Q2,4,9,2015Q2,201504,4
2015/4/10,2015,Q2,4,10,2015Q2,201504,5
2015/4/11,2015,Q2,4,11,2015Q2,201504,6
2015/4/12,2015,Q2,4,12,2015Q2,201504,7
2015/4/13,2015,Q2,4,13,2015Q2,201504,1
2015/4/14,2015,Q2,4,14,2015Q2,201504,2
2015/4/15,2015,Q2,4,15,2015Q2,201504,3
2015/4/16,2015,Q2,4,16,2015Q2,201504,4
2015/4/17,2015,Q2,4,17,2015Q2,201504,5
2015/4/18,2015,Q2,4,18,2015Q2,201504,6
2015/4/19,2015,Q2,4,19,2015Q2,201504,7
2015/4/20,2015,Q2,4,20,2015Q2,201504,1
2015/4/21,2015,Q2,4,21,2015Q2,201504,2
2015/4/22,2015,Q2,4,22,2015Q2,201504,3
2015/4/23,2015,Q2,4,23,2015Q2,201504,4
2015/4/24,2015,Q2,4,24,2015Q2,201504,5
2015/4/25,2015,Q2,4,25,2015Q2,201504,6
2015/4/26,2015,Q2,4,26,2015Q2,201504,7
2015/4/27,2015,Q2,4,27,2015Q2,201504,1
2015/4/28,2015,Q2,4,28,2015Q2,201504,2
2015/4/29,2015,Q2,4,29,2015Q2,201504,3
2015/4/30,2015,Q2,4,30,2015Q2,201504,4
2016/4/1,2016,Q2,4,1,2016Q2,201604,5
2016/4/2,2016,Q2,4,2,2016Q2,201604,6
2016/4/3,2016,Q2,4,3,2016Q2,201604,7
2016/4/4,2016,Q2,4,4,2016Q2,201604,1
2016/4/5,2016,Q2,4,5,2016Q2,201604,2
2016/4/6,2016,Q2,4,6,2016Q2,201604,3
2016/4/7,2016,Q2,4,7,2016Q2,201604,4
2016/4/8,2016,Q2,4,8,2016Q2,201604,5
2016/4/9,2016,Q2,4,9,2016Q2,201604,6
2016/4/10,2016,Q2,4,10,2016Q2,201604,7
2016/4/11,2016,Q2,4,11,2016Q2,201604,1
2016/4/12,2016,Q2,4,12,2016Q2,201604,2
2016/4/13,2016,Q2,4,13,2016Q2,201604,3
2016/4/14,2016,Q2,4,14,2016Q2,201604,4
2016/4/15,2016,Q2,4,15,2016Q2,201604,5
2016/4/16,2016,Q2,4,16,2016Q2,201604,6
2016/4/17,2016,Q2,4,17,2016Q2,201604,7
2016/4/18,2016,Q2,4,18,2016Q2,201604,1
2016/4/19,2016,Q2,4,19,2016Q2,201604,2
2016/4/20,2016,Q2,4,20,2016Q2,201604,3
2016/4/21,2016,Q2,4,21,2016Q2,201604,4
2016/4/22,2016,Q2,4,22,2016Q2,201604,5
2016/4/23,2016,Q2,4,23,2016Q2,201604,6
2016/4/24,2016,Q2,4,24,2016Q2,201604,7
2016/4/25,2016,Q2,4,25,2016Q2,201604,1
2016/4/26,2016,Q2,4,26,2016Q2,201604,2
2016/4/27,2016,Q2,4,27,2016Q2,201604,3
2016/4/28,2016,Q2,4,28,2016Q2,201604,4
2016/4/29,2016,Q2,4,29,2016Q2,201604,5
2016/4/30,2016,Q2,4,30,2016Q2,201604,6
2013/6/1,2013,Q2,6,1,2013Q2,201306,6
2013/6/2,2013,Q2,6,2,2013Q2,201306,7
2013/6/3,2013,Q2,6,3,2013Q2,201306,1
2013/6/4,2013,Q2,6,4,2013Q2,201306,2
2013/6/5,2013,Q2,6,5,2013Q2,201306,3
2013/6/6,2013,Q2,6,6,2013Q2,201306,4
2013/6/7,2013,Q2,6,7,2013Q2,201306,5
2013/6/8,2013,Q2,6,8,2013Q2,201306,6
2013/6/9,2013,Q2,6,9,2013Q2,201306,7
2013/6/10,2013,Q2,6,10,2013Q2,201306,1
2013/6/11,2013,Q2,6,11,2013Q2,201306,2
2013/6/12,2013,Q2,6,12,2013Q2,201306,3
2013/6/13,2013,Q2,6,13,2013Q2,201306,4
2013/6/14,2013,Q2,6,14,2013Q2,201306,5
2013/6/15,2013,Q2,6,15,2013Q2,201306,6
2013/6/16,2013,Q2,6,16,2013Q2,201306,7
2013/6/17,2013,Q2,6,17,2013Q2,201306,1
2013/6/18,2013,Q2,6,18,2013Q2,201306,2
2013/6/19,2013,Q2,6,19,2013Q2,201306,3
2013/6/20,2013,Q2,6,20,2013Q2,201306,4
2013/6/21,2013,Q2,6,21,2013Q2,201306,5
2013/6/22,2013,Q2,6,22,2013Q2,201306,6
2013/6/23,2013,Q2,6,23,2013Q2,201306,7
2013/6/24,2013,Q2,6,24,2013Q2,201306,1
2013/6/25,2013,Q2,6,25,2013Q2,201306,2
2013/6/26,2013,Q2,6,26,2013Q2,201306,3
2013/6/27,2013,Q2,6,27,2013Q2,201306,4
2013/6/28,2013,Q2,6,28,2013Q2,201306,5
2013/6/29,2013,Q2,6,29,2013Q2,201306,6
2013/6/30,2013,Q2,6,30,2013Q2,201306,7
2014/6/1,2014,Q2,6,1,2014Q2,201406,7
2014/6/2,2014,Q2,6,2,2014Q2,201406,1
2014/6/3,2014,Q2,6,3,2014Q2,201406,2
2014/6/4,2014,Q2,6,4,2014Q2,201406,3
2014/6/5,2014,Q2,6,5,2014Q2,201406,4
2014/6/6,2014,Q2,6,6,2014Q2,201406,5
2014/6/7,2014,Q2,6,7,2014Q2,201406,6
2014/6/8,2014,Q2,6,8,2014Q2,201406,7
2014/6/9,2014,Q2,6,9,2014Q2,201406,1
2014/6/10,2014,Q2,6,10,2014Q2,201406,2
2014/6/11,2014,Q2,6,11,2014Q2,201406,3
2014/6/12,2014,Q2,6,12,2014Q2,201406,4
2014/6/13,2014,Q2,6,13,2014Q2,201406,5
2014/6/14,2014,Q2,6,14,2014Q2,201406,6
2014/6/15,2014,Q2,6,15,2014Q2,201406,7
2014/6/16,2014,Q2,6,16,2014Q2,201406,1
2014/6/17,2014,Q2,6,17,2014Q2,201406,2
2014/6/18,2014,Q2,6,18,2014Q2,201406,3
2014/6/19,2014,Q2,6,19,2014Q2,201406,4
2014/6/20,2014,Q2,6,20,2014Q2,201406,5
2014/6/21,2014,Q2,6,21,2014Q2,201406,6
2014/6/22,2014,Q2,6,22,2014Q2,201406,7
2014/6/23,2014,Q2,6,23,2014Q2,201406,1
2014/6/24,2014,Q2,6,24,2014Q2,201406,2
2014/6/25,2014,Q2,6,25,2014Q2,201406,3
2014/6/26,2014,Q2,6,26,2014Q2,201406,4
2014/6/27,2014,Q2,6,27,2014Q2,201406,5
2014/6/28,2014,Q2,6,28,2014Q2,201406,6
2014/6/29,2014,Q2,6,29,2014Q2,201406,7
2014/6/30,2014,Q2,6,30,2014Q2,201406,1
2015/6/1,2015,Q2,6,1,2015Q2,201506,1
2015/6/2,2015,Q2,6,2,2015Q2,201506,2
2015/6/3,2015,Q2,6,3,2015Q2,201506,3
2015/6/4,2015,Q2,6,4,2015Q2,201506,4
2015/6/5,2015,Q2,6,5,2015Q2,201506,5
2015/6/6,2015,Q2,6,6,2015Q2,201506,6
2015/6/7,2015,Q2,6,7,2015Q2,201506,7
2015/6/8,2015,Q2,6,8,2015Q2,201506,1
2015/6/9,2015,Q2,6,9,2015Q2,201506,2
2015/6/10,2015,Q2,6,10,2015Q2,201506,3
2015/6/11,2015,Q2,6,11,2015Q2,201506,4
2015/6/12,2015,Q2,6,12,2015Q2,201506,5
2015/6/13,2015,Q2,6,13,2015Q2,201506,6
2015/6/14,2015,Q2,6,14,2015Q2,201506,7
2015/6/15,2015,Q2,6,15,2015Q2,201506,1
2015/6/16,2015,Q2,6,16,2015Q2,201506,2
2015/6/17,2015,Q2,6,17,2015Q2,201506,3
2015/6/18,2015,Q2,6,18,2015Q2,201506,4
2015/6/19,2015,Q2,6,19,2015Q2,201506,5
2015/6/20,2015,Q2,6,20,2015Q2,201506,6
2015/6/21,2015,Q2,6,21,2015Q2,201506,7
2015/6/22,2015,Q2,6,22,2015Q2,201506,1
2015/6/23,2015,Q2,6,23,2015Q2,201506,2
2015/6/24,2015,Q2,6,24,2015Q2,201506,3
2015/6/25,2015,Q2,6,25,2015Q2,201506,4
2015/6/26,2015,Q2,6,26,2015Q2,201506,5
2015/6/27,2015,Q2,6,27,2015Q2,201506,6
2015/6/28,2015,Q2,6,28,2015Q2,201506,7
2015/6/29,2015,Q2,6,29,2015Q2,201506,1
2015/6/30,2015,Q2,6,30,2015Q2,201506,2
2016/6/1,2016,Q2,6,1,2016Q2,201606,3
2016/6/2,2016,Q2,6,2,2016Q2,201606,4
2016/6/3,2016,Q2,6,3,2016Q2,201606,5
2016/6/4,2016,Q2,6,4,2016Q2,201606,6
2016/6/5,2016,Q2,6,5,2016Q2,201606,7
2016/6/6,2016,Q2,6,6,2016Q2,201606,1
2016/6/7,2016,Q2,6,7,2016Q2,201606,2
2016/6/8,2016,Q2,6,8,2016Q2,201606,3
2016/6/9,2016,Q2,6,9,2016Q2,201606,4
2016/6/10,2016,Q2,6,10,2016Q2,201606,5
2016/6/11,2016,Q2,6,11,2016Q2,201606,6
2016/6/12,2016,Q2,6,12,2016Q2,201606,7
2016/6/13,2016,Q2,6,13,2016Q2,201606,1
2016/6/14,2016,Q2,6,14,2016Q2,201606,2
2016/6/15,2016,Q2,6,15,2016Q2,201606,3
2016/6/16,2016,Q2,6,16,2016Q2,201606,4
2016/6/17,2016,Q2,6,17,2016Q2,201606,5
2016/6/18,2016,Q2,6,18,2016Q2,201606,6
2016/6/19,2016,Q2,6,19,2016Q2,201606,7
2016/6/20,2016,Q2,6,20,2016Q2,201606,1
2016/6/21,2016,Q2,6,21,2016Q2,201606,2
2016/6/22,2016,Q2,6,22,2016Q2,201606,3
2016/6/23,2016,Q2,6,23,2016Q2,201606,4
2016/6/24,2016,Q2,6,24,2016Q2,201606,5
2016/6/25,2016,Q2,6,25,2016Q2,201606,6
2016/6/26,2016,Q2,6,26,2016Q2,201606,7
2016/6/27,2016,Q2,6,27,2016Q2,201606,1
2016/6/28,2016,Q2,6,28,2016Q2,201606,2
2016/6/29,2016,Q2,6,29,2016Q2,201606,3
2016/6/30,2016,Q2,6,30,2016Q2,201606,4
2013/2/1,2013,Q1,2,1,2013Q1,201302,5
2013/2/2,2013,Q1,2,2,2013Q1,201302,6
2013/2/3,2013,Q1,2,3,2013Q1,201302,7
2013/2/4,2013,Q1,2,4,2013Q1,201302,1
2013/2/5,2013,Q1,2,5,2013Q1,201302,2
2013/2/6,2013,Q1,2,6,2013Q1,201302,3
2013/2/7,2013,Q1,2,7,2013Q1,201302,4
2013/2/8,2013,Q1,2,8,2013Q1,201302,5
2013/2/9,2013,Q1,2,9,2013Q1,201302,6
2013/2/10,2013,Q1,2,10,2013Q1,201302,7
2013/2/11,2013,Q1,2,11,2013Q1,201302,1
2013/2/12,2013,Q1,2,12,2013Q1,201302,2
2013/2/13,2013,Q1,2,13,2013Q1,201302,3
2013/2/14,2013,Q1,2,14,2013Q1,201302,4
2013/2/15,2013,Q1,2,15,2013Q1,201302,5
2013/2/16,2013,Q1,2,16,2013Q1,201302,6
2013/2/17,2013,Q1,2,17,2013Q1,201302,7
2013/2/18,2013,Q1,2,18,2013Q1,201302,1
2013/2/19,2013,Q1,2,19,2013Q1,201302,2
2013/2/20,2013,Q1,2,20,2013Q1,201302,3
2013/2/21,2013,Q1,2,21,2013Q1,201302,4
2013/2/22,2013,Q1,2,22,2013Q1,201302,5
2013/2/23,2013,Q1,2,23,2013Q1,201302,6
2013/2/24,2013,Q1,2,24,2013Q1,201302,7
2013/2/25,2013,Q1,2,25,2013Q1,201302,1
2013/2/26,2013,Q1,2,26,2013Q1,201302,2
2013/2/27,2013,Q1,2,27,2013Q1,201302,3
2013/2/28,2013,Q1,2,28,2013Q1,201302,4
2014/2/1,2014,Q1,2,1,2014Q1,201402,6
2014/2/2,2014,Q1,2,2,2014Q1,201402,7
2014/2/3,2014,Q1,2,3,2014Q1,201402,1
2014/2/4,2014,Q1,2,4,2014Q1,201402,2
2014/2/5,2014,Q1,2,5,2014Q1,201402,3
2014/2/6,2014,Q1,2,6,2014Q1,201402,4
2014/2/7,2014,Q1,2,7,2014Q1,201402,5
2014/2/8,2014,Q1,2,8,2014Q1,201402,6
2014/2/9,2014,Q1,2,9,2014Q1,201402,7
2014/2/10,2014,Q1,2,10,2014Q1,201402,1
2014/2/11,2014,Q1,2,11,2014Q1,201402,2
2014/2/12,2014,Q1,2,12,2014Q1,201402,3
2014/2/13,2014,Q1,2,13,2014Q1,201402,4
2014/2/14,2014,Q1,2,14,2014Q1,201402,5
2014/2/15,2014,Q1,2,15,2014Q1,201402,6
2014/2/16,2014,Q1,2,16,2014Q1,201402,7
2014/2/17,2014,Q1,2,17,2014Q1,201402,1
2014/2/18,2014,Q1,2,18,2014Q1,201402,2
2014/2/19,2014,Q1,2,19,2014Q1,201402,3
2014/2/20,2014,Q1,2,20,2014Q1,201402,4
2014/2/21,2014,Q1,2,21,2014Q1,201402,5
2014/2/22,2014,Q1,2,22,2014Q1,201402,6
2014/2/23,2014,Q1,2,23,2014Q1,201402,7
2014/2/24,2014,Q1,2,24,2014Q1,201402,1
2014/2/25,2014,Q1,2,25,2014Q1,201402,2
2014/2/26,2014,Q1,2,26,2014Q1,201402,3
2014/2/27,2014,Q1,2,27,2014Q1,201402,4
2014/2/28,2014,Q1,2,28,2014Q1,201402,5
2015/2/1,2015,Q1,2,1,2015Q1,201502,7
2015/2/2,2015,Q1,2,2,2015Q1,201502,1
2015/2/3,2015,Q1,2,3,2015Q1,201502,2
2015/2/4,2015,Q1,2,4,2015Q1,201502,3
2015/2/5,2015,Q1,2,5,2015Q1,201502,4
2015/2/6,2015,Q1,2,6,2015Q1,201502,5
2015/2/7,2015,Q1,2,7,2015Q1,201502,6
2015/2/8,2015,Q1,2,8,2015Q1,201502,7
2015/2/9,2015,Q1,2,9,2015Q1,201502,1
2015/2/10,2015,Q1,2,10,2015Q1,201502,2
2015/2/11,2015,Q1,2,11,2015Q1,201502,3
2015/2/12,2015,Q1,2,12,2015Q1,201502,4
2015/2/13,2015,Q1,2,13,2015Q1,201502,5
2015/2/14,2015,Q1,2,14,2015Q1,201502,6
2015/2/15,2015,Q1,2,15,2015Q1,201502,7
2015/2/16,2015,Q1,2,16,2015Q1,201502,1
2015/2/17,2015,Q1,2,17,2015Q1,201502,2
2015/2/18,2015,Q1,2,18,2015Q1,201502,3
2015/2/19,2015,Q1,2,19,2015Q1,201502,4
2015/2/20,2015,Q1,2,20,2015Q1,201502,5
2015/2/21,2015,Q1,2,21,2015Q1,201502,6
2015/2/22,2015,Q1,2,22,2015Q1,201502,7
2015/2/23,2015,Q1,2,23,2015Q1,201502,1
2015/2/24,2015,Q1,2,24,2015Q1,201502,2
2015/2/25,2015,Q1,2,25,2015Q1,201502,3
2015/2/26,2015,Q1,2,26,2015Q1,201502,4
2015/2/27,2015,Q1,2,27,2015Q1,201502,5
2015/2/28,2015,Q1,2,28,2015Q1,201502,6
2016/2/1,2016,Q1,2,1,2016Q1,201602,1
2016/2/2,2016,Q1,2,2,2016Q1,201602,2
2016/2/3,2016,Q1,2,3,2016Q1,201602,3
2016/2/4,2016,Q1,2,4,2016Q1,201602,4
2016/2/5,2016,Q1,2,5,2016Q1,201602,5
2016/2/6,2016,Q1,2,6,2016Q1,201602,6
2016/2/7,2016,Q1,2,7,2016Q1,201602,7
2016/2/8,2016,Q1,2,8,2016Q1,201602,1
2016/2/9,2016,Q1,2,9,2016Q1,201602,2
2016/2/10,2016,Q1,2,10,2016Q1,201602,3
2016/2/11,2016,Q1,2,11,2016Q1,201602,4
2016/2/12,2016,Q1,2,12,2016Q1,201602,5
2016/2/13,2016,Q1,2,13,2016Q1,201602,6
2016/2/14,2016,Q1,2,14,2016Q1,201602,7
2016/2/15,2016,Q1,2,15,2016Q1,201602,1
2016/2/16,2016,Q1,2,16,2016Q1,201602,2
2016/2/17,2016,Q1,2,17,2016Q1,201602,3
2016/2/18,2016,Q1,2,18,2016Q1,201602,4
2016/2/19,2016,Q1,2,19,2016Q1,201602,5
2016/2/20,2016,Q1,2,20,2016Q1,201602,6
2016/2/21,2016,Q1,2,21,2016Q1,201602,7
2016/2/22,2016,Q1,2,22,2016Q1,201602,1
2016/2/23,2016,Q1,2,23,2016Q1,201602,2
2016/2/24,2016,Q1,2,24,2016Q1,201602,3
2016/2/25,2016,Q1,2,25,2016Q1,201602,4
2016/2/26,2016,Q1,2,26,2016Q1,201602,5
2016/2/27,2016,Q1,2,27,2016Q1,201602,6
2016/2/28,2016,Q1,2,28,2016Q1,201602,7
2016/2/29,2016,Q1,2,29,2016Q1,201602,1
2013/3/1,2013,Q1,3,1,2013Q1,201303,5
2013/3/2,2013,Q1,3,2,2013Q1,201303,6
2013/3/3,2013,Q1,3,3,2013Q1,201303,7
2013/3/4,2013,Q1,3,4,2013Q1,201303,1
2013/3/5,2013,Q1,3,5,2013Q1,201303,2
2013/3/6,2013,Q1,3,6,2013Q1,201303,3
2013/3/7,2013,Q1,3,7,2013Q1,201303,4
2013/3/8,2013,Q1,3,8,2013Q1,201303,5
2013/3/9,2013,Q1,3,9,2013Q1,201303,6
2013/3/10,2013,Q1,3,10,2013Q1,201303,7
2013/3/11,2013,Q1,3,11,2013Q1,201303,1
2013/3/12,2013,Q1,3,12,2013Q1,201303,2
2013/3/13,2013,Q1,3,13,2013Q1,201303,3
2013/3/14,2013,Q1,3,14,2013Q1,201303,4
2013/3/15,2013,Q1,3,15,2013Q1,201303,5
2013/3/16,2013,Q1,3,16,2013Q1,201303,6
2013/3/17,2013,Q1,3,17,2013Q1,201303,7
2013/3/18,2013,Q1,3,18,2013Q1,201303,1
2013/3/19,2013,Q1,3,19,2013Q1,201303,2
2013/3/20,2013,Q1,3,20,2013Q1,201303,3
2013/3/21,2013,Q1,3,21,2013Q1,201303,4
2013/3/22,2013,Q1,3,22,2013Q1,201303,5
2013/3/23,2013,Q1,3,23,2013Q1,201303,6
2013/3/24,2013,Q1,3,24,2013Q1,201303,7
2013/3/25,2013,Q1,3,25,2013Q1,201303,1
2013/3/26,2013,Q1,3,26,2013Q1,201303,2
2013/3/27,2013,Q1,3,27,2013Q1,201303,3
2013/3/28,2013,Q1,3,28,2013Q1,201303,4
2013/3/29,2013,Q1,3,29,2013Q1,201303,5
2013/3/30,2013,Q1,3,30,2013Q1,201303,6
2013/3/31,2013,Q1,3,31,2013Q1,201303,7
2014/3/1,2014,Q1,3,1,2014Q1,201403,6
2014/3/2,2014,Q1,3,2,2014Q1,201403,7
2014/3/3,2014,Q1,3,3,2014Q1,201403,1
2014/3/4,2014,Q1,3,4,2014Q1,201403,2
2014/3/5,2014,Q1,3,5,2014Q1,201403,3
2014/3/6,2014,Q1,3,6,2014Q1,201403,4
2014/3/7,2014,Q1,3,7,2014Q1,201403,5
2014/3/8,2014,Q1,3,8,2014Q1,201403,6
2014/3/9,2014,Q1,3,9,2014Q1,201403,7
2014/3/10,2014,Q1,3,10,2014Q1,201403,1
2014/3/11,2014,Q1,3,11,2014Q1,201403,2
2014/3/12,2014,Q1,3,12,2014Q1,201403,3
2014/3/13,2014,Q1,3,13,2014Q1,201403,4
2014/3/14,2014,Q1,3,14,2014Q1,201403,5
2014/3/15,2014,Q1,3,15,2014Q1,201403,6
2014/3/16,2014,Q1,3,16,2014Q1,201403,7
2014/3/17,2014,Q1,3,17,2014Q1,201403,1
2014/3/18,2014,Q1,3,18,2014Q1,201403,2
2014/3/19,2014,Q1,3,19,2014Q1,201403,3
2014/3/20,2014,Q1,3,20,2014Q1,201403,4
2014/3/21,2014,Q1,3,21,2014Q1,201403,5
2014/3/22,2014,Q1,3,22,2014Q1,201403,6
2014/3/23,2014,Q1,3,23,2014Q1,201403,7
2014/3/24,2014,Q1,3,24,2014Q1,201403,1
2014/3/25,2014,Q1,3,25,2014Q1,201403,2
2014/3/26,2014,Q1,3,26,2014Q1,201403,3
2014/3/27,2014,Q1,3,27,2014Q1,201403,4
2014/3/28,2014,Q1,3,28,2014Q1,201403,5
2014/3/29,2014,Q1,3,29,2014Q1,201403,6
2014/3/30,2014,Q1,3,30,2014Q1,201403,7
2014/3/31,2014,Q1,3,31,2014Q1,201403,1
2015/3/1,2015,Q1,3,1,2015Q1,201503,7
2015/3/2,2015,Q1,3,2,2015Q1,201503,1
2015/3/3,2015,Q1,3,3,2015Q1,201503,2
2015/3/4,2015,Q1,3,4,2015Q1,201503,3
2015/3/5,2015,Q1,3,5,2015Q1,201503,4
2015/3/6,2015,Q1,3,6,2015Q1,201503,5
2015/3/7,2015,Q1,3,7,2015Q1,201503,6
2015/3/8,2015,Q1,3,8,2015Q1,201503,7
2015/3/9,2015,Q1,3,9,2015Q1,201503,1
2015/3/10,2015,Q1,3,10,2015Q1,201503,2
2015/3/11,2015,Q1,3,11,2015Q1,201503,3
2015/3/12,2015,Q1,3,12,2015Q1,201503,4
2015/3/13,2015,Q1,3,13,2015Q1,201503,5
2015/3/14,2015,Q1,3,14,2015Q1,201503,6
2015/3/15,2015,Q1,3,15,2015Q1,201503,7
2015/3/16,2015,Q1,3,16,2015Q1,201503,1
2015/3/17,2015,Q1,3,17,2015Q1,201503,2
2015/3/18,2015,Q1,3,18,2015Q1,201503,3
2015/3/19,2015,Q1,3,19,2015Q1,201503,4
2015/3/20,2015,Q1,3,20,2015Q1,201503,5
2015/3/21,2015,Q1,3,21,2015Q1,201503,6
2015/3/22,2015,Q1,3,22,2015Q1,201503,7
2015/3/23,2015,Q1,3,23,2015Q1,201503,1
2015/3/24,2015,Q1,3,24,2015Q1,201503,2
2015/3/25,2015,Q1,3,25,2015Q1,201503,3
2015/3/26,2015,Q1,3,26,2015Q1,201503,4
2015/3/27,2015,Q1,3,27,2015Q1,201503,5
2015/3/28,2015,Q1,3,28,2015Q1,201503,6
2015/3/29,2015,Q1,3,29,2015Q1,201503,7
2015/3/30,2015,Q1,3,30,2015Q1,201503,1
2015/3/31,2015,Q1,3,31,2015Q1,201503,2
2016/3/1,2016,Q1,3,1,2016Q1,201603,2
2016/3/2,2016,Q1,3,2,2016Q1,201603,3
2016/3/3,2016,Q1,3,3,2016Q1,201603,4
2016/3/4,2016,Q1,3,4,2016Q1,201603,5
2016/3/5,2016,Q1,3,5,2016Q1,201603,6
2016/3/6,2016,Q1,3,6,2016Q1,201603,7
2016/3/7,2016,Q1,3,7,2016Q1,201603,1
2016/3/8,2016,Q1,3,8,2016Q1,201603,2
2016/3/9,2016,Q1,3,9,2016Q1,201603,3
2016/3/10,2016,Q1,3,10,2016Q1,201603,4
2016/3/11,2016,Q1,3,11,2016Q1,201603,5
2016/3/12,2016,Q1,3,12,2016Q1,201603,6
2016/3/13,2016,Q1,3,13,2016Q1,201603,7
2016/3/14,2016,Q1,3,14,2016Q1,201603,1
2016/3/15,2016,Q1,3,15,2016Q1,201603,2
2016/3/16,2016,Q1,3,16,2016Q1,201603,3
2016/3/17,2016,Q1,3,17,2016Q1,201603,4
2016/3/18,2016,Q1,3,18,2016Q1,201603,5
2016/3/19,2016,Q1,3,19,2016Q1,201603,6
2016/3/20,2016,Q1,3,20,2016Q1,201603,7
2016/3/21,2016,Q1,3,21,2016Q1,201603,1
2016/3/22,2016,Q1,3,22,2016Q1,201603,2
2016/3/23,2016,Q1,3,23,2016Q1,201603,3
2016/3/24,2016,Q1,3,24,2016Q1,201603,4
2016/3/25,2016,Q1,3,25,2016Q1,201603,5
2016/3/26,2016,Q1,3,26,2016Q1,201603,6
2016/3/27,2016,Q1,3,27,2016Q1,201603,7
2016/3/28,2016,Q1,3,28,2016Q1,201603,1
2016/3/29,2016,Q1,3,29,2016Q1,201603,2
2016/3/30,2016,Q1,3,30,2016Q1,201603,3
2016/3/31,2016,Q1,3,31,2016Q1,201603,4
2013/1/1,2013,Q1,1,1,2013Q1,201301,2
2013/1/2,2013,Q1,1,2,2013Q1,201301,3
2013/1/3,2013,Q1,1,3,2013Q1,201301,4
2013/1/4,2013,Q1,1,4,2013Q1,201301,5
2013/1/5,2013,Q1,1,5,2013Q1,201301,6
2013/1/6,2013,Q1,1,6,2013Q1,201301,7
2013/1/7,2013,Q1,1,7,2013Q1,201301,1
2013/1/8,2013,Q1,1,8,2013Q1,201301,2
2013/1/9,2013,Q1,1,9,2013Q1,201301,3
2013/1/10,2013,Q1,1,10,2013Q1,201301,4
2013/1/11,2013,Q1,1,11,2013Q1,201301,5
2013/1/12,2013,Q1,1,12,2013Q1,201301,6
2013/1/13,2013,Q1,1,13,2013Q1,201301,7
2013/1/14,2013,Q1,1,14,2013Q1,201301,1
2013/1/15,2013,Q1,1,15,2013Q1,201301,2
2013/1/16,2013,Q1,1,16,2013Q1,201301,3
2013/1/17,2013,Q1,1,17,2013Q1,201301,4
2013/1/18,2013,Q1,1,18,2013Q1,201301,5
2013/1/19,2013,Q1,1,19,2013Q1,201301,6
2013/1/20,2013,Q1,1,20,2013Q1,201301,7
2013/1/21,2013,Q1,1,21,2013Q1,201301,1
2013/1/22,2013,Q1,1,22,2013Q1,201301,2
2013/1/23,2013,Q1,1,23,2013Q1,201301,3
2013/1/24,2013,Q1,1,24,2013Q1,201301,4
2013/1/25,2013,Q1,1,25,2013Q1,201301,5
2013/1/26,2013,Q1,1,26,2013Q1,201301,6
2013/1/27,2013,Q1,1,27,2013Q1,201301,7
2013/1/28,2013,Q1,1,28,2013Q1,201301,1
2013/1/29,2013,Q1,1,29,2013Q1,201301,2
2013/1/30,2013,Q1,1,30,2013Q1,201301,3
2013/1/31,2013,Q1,1,31,2013Q1,201301,4
2014/1/1,2014,Q1,1,1,2014Q1,201401,3
2014/1/2,2014,Q1,1,2,2014Q1,201401,4
2014/1/3,2014,Q1,1,3,2014Q1,201401,5
2014/1/4,2014,Q1,1,4,2014Q1,201401,6
2014/1/5,2014,Q1,1,5,2014Q1,201401,7
2014/1/6,2014,Q1,1,6,2014Q1,201401,1
2014/1/7,2014,Q1,1,7,2014Q1,201401,2
2014/1/8,2014,Q1,1,8,2014Q1,201401,3
2014/1/9,2014,Q1,1,9,2014Q1,201401,4
2014/1/10,2014,Q1,1,10,2014Q1,201401,5
2014/1/11,2014,Q1,1,11,2014Q1,201401,6
2014/1/12,2014,Q1,1,12,2014Q1,201401,7
2014/1/13,2014,Q1,1,13,2014Q1,201401,1
2014/1/14,2014,Q1,1,14,2014Q1,201401,2
2014/1/15,2014,Q1,1,15,2014Q1,201401,3
2014/1/16,2014,Q1,1,16,2014Q1,201401,4
2014/1/17,2014,Q1,1,17,2014Q1,201401,5
2014/1/18,2014,Q1,1,18,2014Q1,201401,6
2014/1/19,2014,Q1,1,19,2014Q1,201401,7
2014/1/20,2014,Q1,1,20,2014Q1,201401,1
2014/1/21,2014,Q1,1,21,2014Q1,201401,2
2014/1/22,2014,Q1,1,22,2014Q1,201401,3
2014/1/23,2014,Q1,1,23,2014Q1,201401,4
2014/1/24,2014,Q1,1,24,2014Q1,201401,5
2014/1/25,2014,Q1,1,25,2014Q1,201401,6
2014/1/26,2014,Q1,1,26,2014Q1,201401,7
2014/1/27,2014,Q1,1,27,2014Q1,201401,1
2014/1/28,2014,Q1,1,28,2014Q1,201401,2
2014/1/29,2014,Q1,1,29,2014Q1,201401,3
2014/1/30,2014,Q1,1,30,2014Q1,201401,4
2014/1/31,2014,Q1,1,31,2014Q1,201401,5
2015/1/1,2015,Q1,1,1,2015Q1,201501,4
2015/1/2,2015,Q1,1,2,2015Q1,201501,5
2015/1/3,2015,Q1,1,3,2015Q1,201501,6
2015/1/4,2015,Q1,1,4,2015Q1,201501,7
2015/1/5,2015,Q1,1,5,2015Q1,201501,1
2015/1/6,2015,Q1,1,6,2015Q1,201501,2
2015/1/7,2015,Q1,1,7,2015Q1,201501,3
2015/1/8,2015,Q1,1,8,2015Q1,201501,4
2015/1/9,2015,Q1,1,9,2015Q1,201501,5
2015/1/10,2015,Q1,1,10,2015Q1,201501,6
2015/1/11,2015,Q1,1,11,2015Q1,201501,7
2015/1/12,2015,Q1,1,12,2015Q1,201501,1
2015/1/13,2015,Q1,1,13,2015Q1,201501,2
2015/1/14,2015,Q1,1,14,2015Q1,201501,3
2015/1/15,2015,Q1,1,15,2015Q1,201501,4
2015/1/16,2015,Q1,1,16,2015Q1,201501,5
2015/1/17,2015,Q1,1,17,2015Q1,201501,6
2015/1/18,2015,Q1,1,18,2015Q1,201501,7
2015/1/19,2015,Q1,1,19,2015Q1,201501,1
2015/1/20,2015,Q1,1,20,2015Q1,201501,2
2015/1/21,2015,Q1,1,21,2015Q1,201501,3
2015/1/22,2015,Q1,1,22,2015Q1,201501,4
2015/1/23,2015,Q1,1,23,2015Q1,201501,5
2015/1/24,2015,Q1,1,24,2015Q1,201501,6
2015/1/25,2015,Q1,1,25,2015Q1,201501,7
2015/1/26,2015,Q1,1,26,2015Q1,201501,1
2015/1/27,2015,Q1,1,27,2015Q1,201501,2
2015/1/28,2015,Q1,1,28,2015Q1,201501,3
2015/1/29,2015,Q1,1,29,2015Q1,201501,4
2015/1/30,2015,Q1,1,30,2015Q1,201501,5
2015/1/31,2015,Q1,1,31,2015Q1,201501,6
2016/1/1,2016,Q1,1,1,2016Q1,201601,5
2016/1/2,2016,Q1,1,2,2016Q1,201601,6
2016/1/3,2016,Q1,1,3,2016Q1,201601,7
2016/1/4,2016,Q1,1,4,2016Q1,201601,1
2016/1/5,2016,Q1,1,5,2016Q1,201601,2
2016/1/6,2016,Q1,1,6,2016Q1,201601,3
2016/1/7,2016,Q1,1,7,2016Q1,201601,4
2016/1/8,2016,Q1,1,8,2016Q1,201601,5
2016/1/9,2016,Q1,1,9,2016Q1,201601,6
2016/1/10,2016,Q1,1,10,2016Q1,201601,7
2016/1/11,2016,Q1,1,11,2016Q1,201601,1
2016/1/12,2016,Q1,1,12,2016Q1,201601,2
2016/1/13,2016,Q1,1,13,2016Q1,201601,3
2016/1/14,2016,Q1,1,14,2016Q1,201601,4
2016/1/15,2016,Q1,1,15,2016Q1,201601,5
2016/1/16,2016,Q1,1,16,2016Q1,201601,6
2016/1/17,2016,Q1,1,17,2016Q1,201601,7
2016/1/18,2016,Q1,1,18,2016Q1,201601,1
2016/1/19,2016,Q1,1,19,2016Q1,201601,2
2016/1/20,2016,Q1,1,20,2016Q1,201601,3
2016/1/21,2016,Q1,1,21,2016Q1,201601,4
2016/1/22,2016,Q1,1,22,2016Q1,201601,5
2016/1/23,2016,Q1,1,23,2016Q1,201601,6
2016/1/24,2016,Q1,1,24,2016Q1,201601,7
2016/1/25,2016,Q1,1,25,2016Q1,201601,1
2016/1/26,2016,Q1,1,26,2016Q1,201601,2
2016/1/27,2016,Q1,1,27,2016Q1,201601,3
2016/1/28,2016,Q1,1,28,2016Q1,201601,4
2016/1/29,2016,Q1,1,29,2016Q1,201601,5
2016/1/30,2016,Q1,1,30,2016Q1,201601,6
2016/1/31,2016,Q1,1,31,2016Q1,201601,7
